timestamp,clip_id,label,start_time,end_time,quality,notes,frame_rate,resolution,camera_info,participant_id,recording_location,raw_video_path,gesture_captured,source_type
2025-05-18_21-46-57,2025-05-18_21-46-57_float_001.mp4,float,0.0,4.0,unrated,,30,640x480,RealSense D435i,Catherine,Fly Space,1_recordings/2025-05-18_21-46-57/raw_recording.mp4,,record_with_timer
2025-05-18_21-46-57,2025-05-18_21-46-57_float_002.mp4,float,4.0,8.02,unrated,,30,640x480,RealSense D435i,Catherine,Fly Space,1_recordings/2025-05-18_21-46-57/raw_recording.mp4,,record_with_timer
2025-05-18_21-48-15,2025-05-18_21-48-15_float_001.mp4,float,0.0,4.0,unrated,,30,640x480,RealSense D435i,Catherine,Fly Space,1_recordings/2025-05-18_21-48-15/raw_recording.mp4,,record_with_timer
2025-05-18_21-48-46,2025-05-18_21-48-46_float_001.mp4,float,0.0,4.0,unrated,,30,640x480,RealSense D435i,Catherine,Fly Space,1_recordings/2025-05-18_21-48-46/raw_recording.mp4,,record_with_timer
2025-05-18_21-48-46,2025-05-18_21-48-46_float_002.mp4,float,4.0,8.02,unrated,,30,640x480,RealSense D435i,Catherine,Fly Space,1_recordings/2025-05-18_21-48-46/raw_recording.mp4,,record_with_timer
2025-05-18_21-50-54,2025-05-18_21-50-54_float_001.mp4,float,0.0,4.02,unrated,,30,640x480,RealSense D435i,Catherine,Fly Space,1_recordings/2025-05-18_21-50-54/raw_recording.mp4,,record_with_timer
2025-05-18_21-51-32,2025-05-18_21-51-32_float_001.mp4,float,0.0,4.02,unrated,,30,640x480,RealSense D435i,Catherine,Fly Space,1_recordings/2025-05-18_21-51-32/raw_recording.mp4,no,record_with_timer
2025-05-18_21-51-32,2025-05-18_21-51-32_float_002.mp4,float,4.02,8.03,unrated,,30,640x480,RealSense D435i,Catherine,Fly Space,1_recordings/2025-05-18_21-51-32/raw_recording.mp4,yes,record_with_timer
2025-05-18_21-51-32,2025-05-18_21-51-32_float_003.mp4,float,8.03,12.03,unrated,,30,640x480,RealSense D435i,Catherine,Fly Space,1_recordings/2025-05-18_21-51-32/raw_recording.mp4,yes,record_with_timer
2025-05-18_21-51-32,2025-05-18_21-51-32_float_004.mp4,float,12.03,16.03,unrated,,30,640x480,RealSense D435i,Catherine,Fly Space,1_recordings/2025-05-18_21-51-32/raw_recording.mp4,yes,record_with_timer
2025-05-18_21-51-32,2025-05-18_21-51-32_float_005.mp4,float,16.03,20.03,unrated,,30,640x480,RealSense D435i,Catherine,Fly Space,1_recordings/2025-05-18_21-51-32/raw_recording.mp4,yes,record_with_timer
2025-05-18_21-51-32,2025-05-18_21-51-32_float_006.mp4,float,20.03,24.04,unrated,,30,640x480,RealSense D435i,Catherine,Fly Space,1_recordings/2025-05-18_21-51-32/raw_recording.mp4,yes,record_with_timer
2025-05-18_21-51-32,2025-05-18_21-51-32_float_007.mp4,float,24.04,28.04,unrated,,30,640x480,RealSense D435i,Catherine,Fly Space,1_recordings/2025-05-18_21-51-32/raw_recording.mp4,yes,record_with_timer
2025-05-18_21-51-32,2025-05-18_21-51-32_float_008.mp4,float,28.04,32.04,unrated,,30,640x480,RealSense D435i,Catherine,Fly Space,1_recordings/2025-05-18_21-51-32/raw_recording.mp4,yes,record_with_timer
2025-05-18_21-51-32,2025-05-18_21-51-32_float_009.mp4,float,32.04,36.05,unrated,,30,640x480,RealSense D435i,Catherine,Fly Space,1_recordings/2025-05-18_21-51-32/raw_recording.mp4,yes,record_with_timer
2025-05-18_21-51-32,2025-05-18_21-51-32_float_010.mp4,float,36.05,40.05,unrated,,30,640x480,RealSense D435i,Catherine,Fly Space,1_recordings/2025-05-18_21-51-32/raw_recording.mp4,yes,record_with_timer
2025-05-18_21-51-32,2025-05-18_21-51-32_punch_001.mp4,punch,40.05,44.05,unrated,,30,640x480,RealSense D435i,Catherine,Fly Space,1_recordings/2025-05-18_21-51-32/raw_recording.mp4,yes,record_with_timer
2025-05-18_21-51-32,2025-05-18_21-51-32_punch_002.mp4,punch,44.05,48.05,unrated,,30,640x480,RealSense D435i,Catherine,Fly Space,1_recordings/2025-05-18_21-51-32/raw_recording.mp4,yes,record_with_timer
2025-05-18_21-51-32,2025-05-18_21-51-32_punch_003.mp4,punch,48.05,52.06,unrated,,30,640x480,RealSense D435i,Catherine,Fly Space,1_recordings/2025-05-18_21-51-32/raw_recording.mp4,yes,record_with_timer
2025-05-18_21-51-32,2025-05-18_21-51-32_punch_004.mp4,punch,52.06,56.06,unrated,,30,640x480,RealSense D435i,Catherine,Fly Space,1_recordings/2025-05-18_21-51-32/raw_recording.mp4,yes,record_with_timer
2025-05-18_21-51-32,2025-05-18_21-51-32_punch_005.mp4,punch,56.06,60.06,unrated,,30,640x480,RealSense D435i,Catherine,Fly Space,1_recordings/2025-05-18_21-51-32/raw_recording.mp4,yes,record_with_timer
2025-05-18_21-51-32,2025-05-18_21-51-32_punch_006.mp4,punch,60.06,64.07,unrated,,30,640x480,RealSense D435i,Catherine,Fly Space,1_recordings/2025-05-18_21-51-32/raw_recording.mp4,yes,record_with_timer
2025-05-18_21-51-32,2025-05-18_21-51-32_punch_007.mp4,punch,64.07,68.07,unrated,,30,640x480,RealSense D435i,Catherine,Fly Space,1_recordings/2025-05-18_21-51-32/raw_recording.mp4,yes,record_with_timer
2025-05-18_21-51-32,2025-05-18_21-51-32_punch_008.mp4,punch,68.07,72.07,unrated,,30,640x480,RealSense D435i,Catherine,Fly Space,1_recordings/2025-05-18_21-51-32/raw_recording.mp4,yes,record_with_timer
2025-05-18_21-51-32,2025-05-18_21-51-32_punch_009.mp4,punch,72.07,76.08,unrated,,30,640x480,RealSense D435i,Catherine,Fly Space,1_recordings/2025-05-18_21-51-32/raw_recording.mp4,yes,record_with_timer
2025-05-18_21-51-32,2025-05-18_21-51-32_punch_010.mp4,punch,76.08,80.08,unrated,,30,640x480,RealSense D435i,Catherine,Fly Space,1_recordings/2025-05-18_21-51-32/raw_recording.mp4,yes,record_with_timer
2025-05-18_22-16-08,2025-05-18_22-16-08_float_001.mp4,float,0.0,4.01,unrated,,30,640x480,RealSense D435i,Catherine,Fly Space,1_recordings/2025-05-18_22-16-08/raw_recording.mp4,no,record_with_timer
2025-05-18_22-16-08,2025-05-18_22-16-08_float_002.mp4,float,4.01,8.01,unrated,,30,640x480,RealSense D435i,Catherine,Fly Space,1_recordings/2025-05-18_22-16-08/raw_recording.mp4,yes,record_with_timer
2025-05-18_22-16-08,2025-05-18_22-16-08_float_003.mp4,float,8.01,12.01,unrated,,30,640x480,RealSense D435i,Catherine,Fly Space,1_recordings/2025-05-18_22-16-08/raw_recording.mp4,yes,record_with_timer
2025-05-18_22-16-08,2025-05-18_22-16-08_float_004.mp4,float,12.01,16.02,unrated,,30,640x480,RealSense D435i,Catherine,Fly Space,1_recordings/2025-05-18_22-16-08/raw_recording.mp4,yes,record_with_timer
2025-05-18_22-16-08,2025-05-18_22-16-08_float_005.mp4,float,16.02,20.02,unrated,,30,640x480,RealSense D435i,Catherine,Fly Space,1_recordings/2025-05-18_22-16-08/raw_recording.mp4,yes,record_with_timer
2025-05-18_22-16-08,2025-05-18_22-16-08_float_006.mp4,float,20.02,24.02,unrated,,30,640x480,RealSense D435i,Catherine,Fly Space,1_recordings/2025-05-18_22-16-08/raw_recording.mp4,yes,record_with_timer
2025-05-18_22-16-08,2025-05-18_22-16-08_float_007.mp4,float,24.02,28.02,unrated,,30,640x480,RealSense D435i,Catherine,Fly Space,1_recordings/2025-05-18_22-16-08/raw_recording.mp4,yes,record_with_timer
2025-05-18_22-16-08,2025-05-18_22-16-08_float_008.mp4,float,28.02,32.03,unrated,,30,640x480,RealSense D435i,Catherine,Fly Space,1_recordings/2025-05-18_22-16-08/raw_recording.mp4,yes,record_with_timer
2025-05-18_22-16-08,2025-05-18_22-16-08_float_009.mp4,float,32.03,36.03,unrated,,30,640x480,RealSense D435i,Catherine,Fly Space,1_recordings/2025-05-18_22-16-08/raw_recording.mp4,yes,record_with_timer
2025-05-18_22-16-08,2025-05-18_22-16-08_float_010.mp4,float,36.03,40.03,unrated,,30,640x480,RealSense D435i,Catherine,Fly Space,1_recordings/2025-05-18_22-16-08/raw_recording.mp4,yes,record_with_timer
2025-05-18_22-16-08,2025-05-18_22-16-08_punch_001.mp4,punch,40.03,44.04,unrated,,30,640x480,RealSense D435i,Catherine,Fly Space,1_recordings/2025-05-18_22-16-08/raw_recording.mp4,yes,record_with_timer
2025-05-18_22-16-08,2025-05-18_22-16-08_punch_002.mp4,punch,44.04,48.04,unrated,,30,640x480,RealSense D435i,Catherine,Fly Space,1_recordings/2025-05-18_22-16-08/raw_recording.mp4,yes,record_with_timer
2025-05-18_22-16-08,2025-05-18_22-16-08_punch_003.mp4,punch,48.04,52.04,unrated,,30,640x480,RealSense D435i,Catherine,Fly Space,1_recordings/2025-05-18_22-16-08/raw_recording.mp4,yes,record_with_timer
2025-05-18_22-16-08,2025-05-18_22-16-08_punch_004.mp4,punch,52.04,56.05,unrated,,30,640x480,RealSense D435i,Catherine,Fly Space,1_recordings/2025-05-18_22-16-08/raw_recording.mp4,yes,record_with_timer
2025-05-18_22-16-08,2025-05-18_22-16-08_punch_005.mp4,punch,56.05,60.05,unrated,,30,640x480,RealSense D435i,Catherine,Fly Space,1_recordings/2025-05-18_22-16-08/raw_recording.mp4,yes,record_with_timer
2025-05-18_22-16-08,2025-05-18_22-16-08_punch_006.mp4,punch,60.05,64.05,unrated,,30,640x480,RealSense D435i,Catherine,Fly Space,1_recordings/2025-05-18_22-16-08/raw_recording.mp4,yes,record_with_timer
2025-05-18_22-16-08,2025-05-18_22-16-08_punch_007.mp4,punch,64.05,68.05,unrated,,30,640x480,RealSense D435i,Catherine,Fly Space,1_recordings/2025-05-18_22-16-08/raw_recording.mp4,yes,record_with_timer
2025-05-18_22-16-08,2025-05-18_22-16-08_punch_008.mp4,punch,68.05,72.06,unrated,,30,640x480,RealSense D435i,Catherine,Fly Space,1_recordings/2025-05-18_22-16-08/raw_recording.mp4,yes,record_with_timer
2025-05-18_22-16-08,2025-05-18_22-16-08_punch_009.mp4,punch,72.06,76.06,unrated,,30,640x480,RealSense D435i,Catherine,Fly Space,1_recordings/2025-05-18_22-16-08/raw_recording.mp4,yes,record_with_timer
2025-05-18_22-16-08,2025-05-18_22-16-08_punch_010.mp4,punch,76.06,80.06,unrated,,30,640x480,RealSense D435i,Catherine,Fly Space,1_recordings/2025-05-18_22-16-08/raw_recording.mp4,yes,record_with_timer
2025-05-18_22-35-34,2025-05-18_22-35-34_float_001.mp4,float,0.0,4.01,unrated,,30,640x480,RealSense D435i,Catherine,Fly Space,1_recordings/2025-05-18_22-35-34/raw_recording.mp4,no,record_with_timer
2025-05-18_22-35-34,2025-05-18_22-35-34_float_002.mp4,float,4.01,8.01,unrated,,30,640x480,RealSense D435i,Catherine,Fly Space,1_recordings/2025-05-18_22-35-34/raw_recording.mp4,no,record_with_timer
2025-05-18_22-35-34,2025-05-18_22-35-34_float_003.mp4,float,8.01,12.01,unrated,,30,640x480,RealSense D435i,Catherine,Fly Space,1_recordings/2025-05-18_22-35-34/raw_recording.mp4,yes,record_with_timer
2025-05-18_22-35-34,2025-05-18_22-35-34_float_004.mp4,float,12.01,16.02,unrated,,30,640x480,RealSense D435i,Catherine,Fly Space,1_recordings/2025-05-18_22-35-34/raw_recording.mp4,yes,record_with_timer
2025-05-18_22-35-34,2025-05-18_22-35-34_float_005.mp4,float,16.02,20.02,unrated,,30,640x480,RealSense D435i,Catherine,Fly Space,1_recordings/2025-05-18_22-35-34/raw_recording.mp4,yes,record_with_timer
2025-05-18_22-35-34,2025-05-18_22-35-34_float_006.mp4,float,20.02,24.02,unrated,,30,640x480,RealSense D435i,Catherine,Fly Space,1_recordings/2025-05-18_22-35-34/raw_recording.mp4,yes,record_with_timer
2025-05-18_22-35-34,2025-05-18_22-35-34_float_007.mp4,float,24.02,28.02,unrated,,30,640x480,RealSense D435i,Catherine,Fly Space,1_recordings/2025-05-18_22-35-34/raw_recording.mp4,no,record_with_timer
2025-05-18_22-35-34,2025-05-18_22-35-34_float_008.mp4,float,28.02,32.03,unrated,,30,640x480,RealSense D435i,Catherine,Fly Space,1_recordings/2025-05-18_22-35-34/raw_recording.mp4,yes,record_with_timer
2025-05-18_22-35-34,2025-05-18_22-35-34_float_009.mp4,float,32.03,36.03,unrated,,30,640x480,RealSense D435i,Catherine,Fly Space,1_recordings/2025-05-18_22-35-34/raw_recording.mp4,yes,record_with_timer
2025-05-18_22-35-34,2025-05-18_22-35-34_float_010.mp4,float,36.03,40.03,unrated,,30,640x480,RealSense D435i,Catherine,Fly Space,1_recordings/2025-05-18_22-35-34/raw_recording.mp4,yes,record_with_timer
2025-05-18_22-35-34,2025-05-18_22-35-34_punch_001.mp4,punch,40.03,44.04,unrated,,30,640x480,RealSense D435i,Catherine,Fly Space,1_recordings/2025-05-18_22-35-34/raw_recording.mp4,yes,record_with_timer
2025-05-18_22-35-34,2025-05-18_22-35-34_punch_002.mp4,punch,44.04,48.04,unrated,,30,640x480,RealSense D435i,Catherine,Fly Space,1_recordings/2025-05-18_22-35-34/raw_recording.mp4,yes,record_with_timer
2025-05-18_22-35-34,2025-05-18_22-35-34_punch_003.mp4,punch,48.04,52.04,unrated,,30,640x480,RealSense D435i,Catherine,Fly Space,1_recordings/2025-05-18_22-35-34/raw_recording.mp4,no,record_with_timer
2025-05-18_22-35-34,2025-05-18_22-35-34_punch_004.mp4,punch,52.04,56.05,unrated,,30,640x480,RealSense D435i,Catherine,Fly Space,1_recordings/2025-05-18_22-35-34/raw_recording.mp4,yes,record_with_timer
2025-05-18_22-35-34,2025-05-18_22-35-34_punch_005.mp4,punch,56.05,60.05,unrated,,30,640x480,RealSense D435i,Catherine,Fly Space,1_recordings/2025-05-18_22-35-34/raw_recording.mp4,yes,record_with_timer
2025-05-18_22-35-34,2025-05-18_22-35-34_punch_006.mp4,punch,60.05,64.05,unrated,,30,640x480,RealSense D435i,Catherine,Fly Space,1_recordings/2025-05-18_22-35-34/raw_recording.mp4,yes,record_with_timer
2025-05-18_22-35-34,2025-05-18_22-35-34_punch_007.mp4,punch,64.05,68.05,unrated,,30,640x480,RealSense D435i,Catherine,Fly Space,1_recordings/2025-05-18_22-35-34/raw_recording.mp4,yes,record_with_timer
2025-05-18_22-35-34,2025-05-18_22-35-34_punch_008.mp4,punch,68.05,72.06,unrated,,30,640x480,RealSense D435i,Catherine,Fly Space,1_recordings/2025-05-18_22-35-34/raw_recording.mp4,no,record_with_timer
2025-05-18_22-35-34,2025-05-18_22-35-34_punch_009.mp4,punch,72.06,76.06,unrated,,30,640x480,RealSense D435i,Catherine,Fly Space,1_recordings/2025-05-18_22-35-34/raw_recording.mp4,yes,record_with_timer
2025-05-18_22-35-34,2025-05-18_22-35-34_punch_010.mp4,punch,76.06,80.06,unrated,,30,640x480,RealSense D435i,Catherine,Fly Space,1_recordings/2025-05-18_22-35-34/raw_recording.mp4,yes,record_with_timer
2025-05-19_19-32-01,2025-05-19_19-32-01_float_001.mp4,float,0.0,4.03,unrated,,30,640x480,RealSense D435i,Catherine,Fly Space,1_recordings/2025-05-19_19-32-01/raw_recording.mp4,,record_with_timer
2025-05-19_19-32-01,2025-05-19_19-32-01_float_002.mp4,float,4.03,8.03,unrated,,30,640x480,RealSense D435i,Catherine,Fly Space,1_recordings/2025-05-19_19-32-01/raw_recording.mp4,,record_with_timer
2025-05-19_19-32-01,2025-05-19_19-32-01_float_003.mp4,float,8.03,12.03,unrated,,30,640x480,RealSense D435i,Catherine,Fly Space,1_recordings/2025-05-19_19-32-01/raw_recording.mp4,,record_with_timer
2025-05-19_19-32-01,2025-05-19_19-32-01_float_004.mp4,float,12.03,16.03,unrated,,30,640x480,RealSense D435i,Catherine,Fly Space,1_recordings/2025-05-19_19-32-01/raw_recording.mp4,,record_with_timer
2025-05-19_19-32-01,2025-05-19_19-32-01_float_005.mp4,float,16.03,20.03,unrated,,30,640x480,RealSense D435i,Catherine,Fly Space,1_recordings/2025-05-19_19-32-01/raw_recording.mp4,,record_with_timer
2025-05-19_19-32-01,2025-05-19_19-32-01_float_006.mp4,float,20.03,24.03,unrated,,30,640x480,RealSense D435i,Catherine,Fly Space,1_recordings/2025-05-19_19-32-01/raw_recording.mp4,,record_with_timer
2025-05-19_19-32-01,2025-05-19_19-32-01_float_007.mp4,float,24.03,28.03,unrated,,30,640x480,RealSense D435i,Catherine,Fly Space,1_recordings/2025-05-19_19-32-01/raw_recording.mp4,,record_with_timer
2025-05-19_19-32-01,2025-05-19_19-32-01_float_008.mp4,float,28.03,32.03,unrated,,30,640x480,RealSense D435i,Catherine,Fly Space,1_recordings/2025-05-19_19-32-01/raw_recording.mp4,,record_with_timer
2025-05-19_19-32-01,2025-05-19_19-32-01_float_009.mp4,float,32.03,36.04,unrated,,30,640x480,RealSense D435i,Catherine,Fly Space,1_recordings/2025-05-19_19-32-01/raw_recording.mp4,,record_with_timer
2025-05-19_19-33-03,2025-05-19_19-33-03_float_001.mp4,float,0.0,4.01,unrated,,30,640x480,RealSense D435i,Catherine,Fly Space,1_recordings/2025-05-19_19-33-03/raw_recording.mp4,,record_with_timer
2025-05-19_19-33-29,2025-05-19_19-33-29_float_001.mp4,float,0.0,4.01,unrated,,30,640x480,RealSense D435i,Catherine,Fly Space,1_recordings/2025-05-19_19-33-29/raw_recording.mp4,no,record_with_timer
2025-05-19_19-33-29,2025-05-19_19-33-29_float_002.mp4,float,4.01,8.01,unrated,,30,640x480,RealSense D435i,Catherine,Fly Space,1_recordings/2025-05-19_19-33-29/raw_recording.mp4,no,record_with_timer
2025-05-19_19-33-29,2025-05-19_19-33-29_float_003.mp4,float,8.01,12.01,unrated,,30,640x480,RealSense D435i,Catherine,Fly Space,1_recordings/2025-05-19_19-33-29/raw_recording.mp4,no,record_with_timer
2025-05-19_19-33-29,2025-05-19_19-33-29_float_004.mp4,float,12.01,16.02,unrated,,30,640x480,RealSense D435i,Catherine,Fly Space,1_recordings/2025-05-19_19-33-29/raw_recording.mp4,yes,record_with_timer
2025-05-19_19-33-29,2025-05-19_19-33-29_float_005.mp4,float,16.02,20.02,unrated,,30,640x480,RealSense D435i,Catherine,Fly Space,1_recordings/2025-05-19_19-33-29/raw_recording.mp4,yes,record_with_timer
2025-05-19_19-33-29,2025-05-19_19-33-29_float_006.mp4,float,20.02,24.02,unrated,,30,640x480,RealSense D435i,Catherine,Fly Space,1_recordings/2025-05-19_19-33-29/raw_recording.mp4,yes,record_with_timer
2025-05-19_19-33-29,2025-05-19_19-33-29_float_007.mp4,float,24.02,28.03,unrated,,30,640x480,RealSense D435i,Catherine,Fly Space,1_recordings/2025-05-19_19-33-29/raw_recording.mp4,no,record_with_timer
2025-05-19_19-33-29,2025-05-19_19-33-29_float_008.mp4,float,28.03,32.03,unrated,,30,640x480,RealSense D435i,Catherine,Fly Space,1_recordings/2025-05-19_19-33-29/raw_recording.mp4,no,record_with_timer
2025-05-19_19-33-29,2025-05-19_19-33-29_float_009.mp4,float,32.03,36.03,unrated,,30,640x480,RealSense D435i,Catherine,Fly Space,1_recordings/2025-05-19_19-33-29/raw_recording.mp4,yes,record_with_timer
2025-05-19_19-33-29,2025-05-19_19-33-29_float_010.mp4,float,36.03,40.03,unrated,,30,640x480,RealSense D435i,Catherine,Fly Space,1_recordings/2025-05-19_19-33-29/raw_recording.mp4,yes,record_with_timer
2025-05-19_19-33-29,2025-05-19_19-33-29_punch_011.mp4,punch,40.03,44.04,unrated,,30,640x480,RealSense D435i,Catherine,Fly Space,1_recordings/2025-05-19_19-33-29/raw_recording.mp4,no,record_with_timer
2025-05-19_19-33-29,2025-05-19_19-33-29_punch_012.mp4,punch,44.04,48.04,unrated,,30,640x480,RealSense D435i,Catherine,Fly Space,1_recordings/2025-05-19_19-33-29/raw_recording.mp4,yes,record_with_timer
2025-05-19_19-33-29,2025-05-19_19-33-29_punch_013.mp4,punch,48.04,52.04,unrated,,30,640x480,RealSense D435i,Catherine,Fly Space,1_recordings/2025-05-19_19-33-29/raw_recording.mp4,yes,record_with_timer
2025-05-19_19-33-29,2025-05-19_19-33-29_punch_014.mp4,punch,52.04,56.05,unrated,,30,640x480,RealSense D435i,Catherine,Fly Space,1_recordings/2025-05-19_19-33-29/raw_recording.mp4,yes,record_with_timer
2025-05-19_19-33-29,2025-05-19_19-33-29_punch_015.mp4,punch,56.05,60.05,unrated,,30,640x480,RealSense D435i,Catherine,Fly Space,1_recordings/2025-05-19_19-33-29/raw_recording.mp4,yes,record_with_timer
2025-05-19_19-33-29,2025-05-19_19-33-29_punch_016.mp4,punch,60.05,64.05,unrated,,30,640x480,RealSense D435i,Catherine,Fly Space,1_recordings/2025-05-19_19-33-29/raw_recording.mp4,yes,record_with_timer
2025-05-19_19-33-29,2025-05-19_19-33-29_punch_017.mp4,punch,64.05,68.06,unrated,,30,640x480,RealSense D435i,Catherine,Fly Space,1_recordings/2025-05-19_19-33-29/raw_recording.mp4,yes,record_with_timer
2025-05-19_19-33-29,2025-05-19_19-33-29_punch_018.mp4,punch,68.06,72.06,unrated,,30,640x480,RealSense D435i,Catherine,Fly Space,1_recordings/2025-05-19_19-33-29/raw_recording.mp4,yes,record_with_timer
2025-05-19_19-33-29,2025-05-19_19-33-29_punch_019.mp4,punch,72.06,76.06,unrated,,30,640x480,RealSense D435i,Catherine,Fly Space,1_recordings/2025-05-19_19-33-29/raw_recording.mp4,yes,record_with_timer
2025-05-19_19-33-29,2025-05-19_19-33-29_punch_020.mp4,punch,76.06,80.06,unrated,,30,640x480,RealSense D435i,Catherine,Fly Space,1_recordings/2025-05-19_19-33-29/raw_recording.mp4,yes,record_with_timer
2025-05-19_19-34-57,2025-05-19_19-34-57_float_001.mp4,float,0.0,4.01,unrated,,30,640x480,RealSense D435i,Catherine,Fly Space,1_recordings/2025-05-19_19-34-57/raw_recording.mp4,no,record_with_timer
2025-05-19_19-34-57,2025-05-19_19-34-57_float_002.mp4,float,4.01,8.01,unrated,,30,640x480,RealSense D435i,Catherine,Fly Space,1_recordings/2025-05-19_19-34-57/raw_recording.mp4,yes,record_with_timer
2025-05-19_19-34-57,2025-05-19_19-34-57_float_003.mp4,float,8.01,12.01,unrated,,30,640x480,RealSense D435i,Catherine,Fly Space,1_recordings/2025-05-19_19-34-57/raw_recording.mp4,yes,record_with_timer
2025-05-19_19-34-57,2025-05-19_19-34-57_float_004.mp4,float,12.01,16.02,unrated,,30,640x480,RealSense D435i,Catherine,Fly Space,1_recordings/2025-05-19_19-34-57/raw_recording.mp4,yes,record_with_timer
2025-05-19_19-34-57,2025-05-19_19-34-57_float_005.mp4,float,16.02,20.02,unrated,,30,640x480,RealSense D435i,Catherine,Fly Space,1_recordings/2025-05-19_19-34-57/raw_recording.mp4,yes,record_with_timer
2025-05-19_19-34-57,2025-05-19_19-34-57_float_006.mp4,float,20.02,24.02,unrated,,30,640x480,RealSense D435i,Catherine,Fly Space,1_recordings/2025-05-19_19-34-57/raw_recording.mp4,yes,record_with_timer
2025-05-19_19-34-57,2025-05-19_19-34-57_float_007.mp4,float,24.02,28.03,unrated,,30,640x480,RealSense D435i,Catherine,Fly Space,1_recordings/2025-05-19_19-34-57/raw_recording.mp4,yes,record_with_timer
2025-05-19_19-34-57,2025-05-19_19-34-57_float_008.mp4,float,28.03,32.03,unrated,,30,640x480,RealSense D435i,Catherine,Fly Space,1_recordings/2025-05-19_19-34-57/raw_recording.mp4,yes,record_with_timer
2025-05-19_19-34-57,2025-05-19_19-34-57_float_009.mp4,float,32.03,36.03,unrated,,30,640x480,RealSense D435i,Catherine,Fly Space,1_recordings/2025-05-19_19-34-57/raw_recording.mp4,yes,record_with_timer
2025-05-19_19-34-57,2025-05-19_19-34-57_float_010.mp4,float,36.03,40.03,unrated,,30,640x480,RealSense D435i,Catherine,Fly Space,1_recordings/2025-05-19_19-34-57/raw_recording.mp4,yes,record_with_timer
2025-05-19_19-34-57,2025-05-19_19-34-57_punch_011.mp4,punch,40.03,44.04,unrated,,30,640x480,RealSense D435i,Catherine,Fly Space,1_recordings/2025-05-19_19-34-57/raw_recording.mp4,yes,record_with_timer
2025-05-19_19-34-57,2025-05-19_19-34-57_punch_012.mp4,punch,44.04,48.04,unrated,,30,640x480,RealSense D435i,Catherine,Fly Space,1_recordings/2025-05-19_19-34-57/raw_recording.mp4,yes,record_with_timer
2025-05-19_19-34-57,2025-05-19_19-34-57_punch_013.mp4,punch,48.04,52.04,unrated,,30,640x480,RealSense D435i,Catherine,Fly Space,1_recordings/2025-05-19_19-34-57/raw_recording.mp4,yes,record_with_timer
2025-05-19_19-34-57,2025-05-19_19-34-57_punch_014.mp4,punch,52.04,56.05,unrated,,30,640x480,RealSense D435i,Catherine,Fly Space,1_recordings/2025-05-19_19-34-57/raw_recording.mp4,yes,record_with_timer
2025-05-19_19-34-57,2025-05-19_19-34-57_punch_015.mp4,punch,56.05,60.05,unrated,,30,640x480,RealSense D435i,Catherine,Fly Space,1_recordings/2025-05-19_19-34-57/raw_recording.mp4,yes,record_with_timer
2025-05-19_19-34-57,2025-05-19_19-34-57_punch_016.mp4,punch,60.05,64.05,unrated,,30,640x480,RealSense D435i,Catherine,Fly Space,1_recordings/2025-05-19_19-34-57/raw_recording.mp4,yes,record_with_timer
2025-05-19_19-34-57,2025-05-19_19-34-57_punch_017.mp4,punch,64.05,68.05,unrated,,30,640x480,RealSense D435i,Catherine,Fly Space,1_recordings/2025-05-19_19-34-57/raw_recording.mp4,yes,record_with_timer
2025-05-19_19-34-57,2025-05-19_19-34-57_punch_018.mp4,punch,68.05,72.06,unrated,,30,640x480,RealSense D435i,Catherine,Fly Space,1_recordings/2025-05-19_19-34-57/raw_recording.mp4,yes,record_with_timer
2025-05-19_19-34-57,2025-05-19_19-34-57_punch_019.mp4,punch,72.06,76.06,unrated,,30,640x480,RealSense D435i,Catherine,Fly Space,1_recordings/2025-05-19_19-34-57/raw_recording.mp4,yes,record_with_timer
2025-05-19_19-34-57,2025-05-19_19-34-57_punch_020.mp4,punch,76.06,80.06,unrated,,30,640x480,RealSense D435i,Catherine,Fly Space,1_recordings/2025-05-19_19-34-57/raw_recording.mp4,yes,record_with_timer
2025-05-19_19-36-26,2025-05-19_19-36-26_float_001.mp4,float,0.0,4.01,unrated,,30,640x480,RealSense D435i,Catherine,Fly Space,1_recordings/2025-05-19_19-36-26/raw_recording.mp4,no,record_with_timer
2025-05-19_19-36-26,2025-05-19_19-36-26_float_002.mp4,float,4.01,8.01,unrated,,30,640x480,RealSense D435i,Catherine,Fly Space,1_recordings/2025-05-19_19-36-26/raw_recording.mp4,no,record_with_timer
2025-05-19_19-36-26,2025-05-19_19-36-26_float_003.mp4,float,8.01,12.01,unrated,,30,640x480,RealSense D435i,Catherine,Fly Space,1_recordings/2025-05-19_19-36-26/raw_recording.mp4,yes,record_with_timer
2025-05-19_19-36-26,2025-05-19_19-36-26_float_004.mp4,float,12.01,16.02,unrated,,30,640x480,RealSense D435i,Catherine,Fly Space,1_recordings/2025-05-19_19-36-26/raw_recording.mp4,yes,record_with_timer
2025-05-19_19-36-26,2025-05-19_19-36-26_float_005.mp4,float,16.02,20.02,unrated,,30,640x480,RealSense D435i,Catherine,Fly Space,1_recordings/2025-05-19_19-36-26/raw_recording.mp4,yes,record_with_timer
2025-05-19_19-36-26,2025-05-19_19-36-26_float_006.mp4,float,20.02,24.02,unrated,,30,640x480,RealSense D435i,Catherine,Fly Space,1_recordings/2025-05-19_19-36-26/raw_recording.mp4,yes,record_with_timer
2025-05-19_19-36-26,2025-05-19_19-36-26_float_007.mp4,float,24.02,28.03,unrated,,30,640x480,RealSense D435i,Catherine,Fly Space,1_recordings/2025-05-19_19-36-26/raw_recording.mp4,yes,record_with_timer
2025-05-19_19-36-26,2025-05-19_19-36-26_float_008.mp4,float,28.03,32.03,unrated,,30,640x480,RealSense D435i,Catherine,Fly Space,1_recordings/2025-05-19_19-36-26/raw_recording.mp4,yes,record_with_timer
2025-05-19_19-36-26,2025-05-19_19-36-26_float_009.mp4,float,32.03,36.03,unrated,,30,640x480,RealSense D435i,Catherine,Fly Space,1_recordings/2025-05-19_19-36-26/raw_recording.mp4,yes,record_with_timer
2025-05-19_19-36-26,2025-05-19_19-36-26_float_010.mp4,float,36.03,40.03,unrated,,30,640x480,RealSense D435i,Catherine,Fly Space,1_recordings/2025-05-19_19-36-26/raw_recording.mp4,yes,record_with_timer
2025-05-19_19-36-26,2025-05-19_19-36-26_punch_011.mp4,punch,40.03,44.04,unrated,,30,640x480,RealSense D435i,Catherine,Fly Space,1_recordings/2025-05-19_19-36-26/raw_recording.mp4,yes,record_with_timer
2025-05-19_19-36-26,2025-05-19_19-36-26_punch_012.mp4,punch,44.04,48.04,unrated,,30,640x480,RealSense D435i,Catherine,Fly Space,1_recordings/2025-05-19_19-36-26/raw_recording.mp4,yes,record_with_timer
2025-05-19_19-36-26,2025-05-19_19-36-26_punch_013.mp4,punch,48.04,52.04,unrated,,30,640x480,RealSense D435i,Catherine,Fly Space,1_recordings/2025-05-19_19-36-26/raw_recording.mp4,yes,record_with_timer
2025-05-19_19-36-26,2025-05-19_19-36-26_punch_014.mp4,punch,52.04,56.05,unrated,,30,640x480,RealSense D435i,Catherine,Fly Space,1_recordings/2025-05-19_19-36-26/raw_recording.mp4,yes,record_with_timer
2025-05-19_19-36-26,2025-05-19_19-36-26_punch_015.mp4,punch,56.05,60.05,unrated,,30,640x480,RealSense D435i,Catherine,Fly Space,1_recordings/2025-05-19_19-36-26/raw_recording.mp4,yes,record_with_timer
2025-05-19_19-36-26,2025-05-19_19-36-26_punch_016.mp4,punch,60.05,64.05,unrated,,30,640x480,RealSense D435i,Catherine,Fly Space,1_recordings/2025-05-19_19-36-26/raw_recording.mp4,yes,record_with_timer
2025-05-19_19-36-26,2025-05-19_19-36-26_punch_017.mp4,punch,64.05,68.05,unrated,,30,640x480,RealSense D435i,Catherine,Fly Space,1_recordings/2025-05-19_19-36-26/raw_recording.mp4,yes,record_with_timer
2025-05-19_19-36-26,2025-05-19_19-36-26_punch_018.mp4,punch,68.05,72.06,unrated,,30,640x480,RealSense D435i,Catherine,Fly Space,1_recordings/2025-05-19_19-36-26/raw_recording.mp4,yes,record_with_timer
2025-05-19_19-36-26,2025-05-19_19-36-26_punch_019.mp4,punch,72.06,76.06,unrated,,30,640x480,RealSense D435i,Catherine,Fly Space,1_recordings/2025-05-19_19-36-26/raw_recording.mp4,yes,record_with_timer
2025-05-19_19-36-26,2025-05-19_19-36-26_punch_020.mp4,punch,76.06,80.06,unrated,,30,640x480,RealSense D435i,Catherine,Fly Space,1_recordings/2025-05-19_19-36-26/raw_recording.mp4,yes,record_with_timer
2025-05-19_19-38-50,2025-05-19_19-38-50_float_001.mp4,float,0.0,4.01,unrated,,30,640x480,RealSense D435i,Catherine,Fly Space,1_recordings/2025-05-19_19-38-50/raw_recording.mp4,no,record_with_timer
2025-05-19_19-38-50,2025-05-19_19-38-50_float_002.mp4,float,4.01,8.01,unrated,,30,640x480,RealSense D435i,Catherine,Fly Space,1_recordings/2025-05-19_19-38-50/raw_recording.mp4,yes,record_with_timer
2025-05-19_19-38-50,2025-05-19_19-38-50_float_003.mp4,float,8.01,12.01,unrated,,30,640x480,RealSense D435i,Catherine,Fly Space,1_recordings/2025-05-19_19-38-50/raw_recording.mp4,yes,record_with_timer
2025-05-19_19-38-50,2025-05-19_19-38-50_float_004.mp4,float,12.01,16.02,unrated,,30,640x480,RealSense D435i,Catherine,Fly Space,1_recordings/2025-05-19_19-38-50/raw_recording.mp4,yes,record_with_timer
2025-05-19_19-38-50,2025-05-19_19-38-50_float_005.mp4,float,16.02,20.02,unrated,,30,640x480,RealSense D435i,Catherine,Fly Space,1_recordings/2025-05-19_19-38-50/raw_recording.mp4,yes,record_with_timer
2025-05-19_19-38-50,2025-05-19_19-38-50_float_006.mp4,float,20.02,24.02,unrated,,30,640x480,RealSense D435i,Catherine,Fly Space,1_recordings/2025-05-19_19-38-50/raw_recording.mp4,yes,record_with_timer
2025-05-19_19-38-50,2025-05-19_19-38-50_float_007.mp4,float,24.02,28.03,unrated,,30,640x480,RealSense D435i,Catherine,Fly Space,1_recordings/2025-05-19_19-38-50/raw_recording.mp4,yes,record_with_timer
2025-05-19_19-38-50,2025-05-19_19-38-50_float_008.mp4,float,28.03,32.03,unrated,,30,640x480,RealSense D435i,Catherine,Fly Space,1_recordings/2025-05-19_19-38-50/raw_recording.mp4,yes,record_with_timer
2025-05-19_19-38-50,2025-05-19_19-38-50_float_009.mp4,float,32.03,36.03,unrated,,30,640x480,RealSense D435i,Catherine,Fly Space,1_recordings/2025-05-19_19-38-50/raw_recording.mp4,yes,record_with_timer
2025-05-19_19-38-50,2025-05-19_19-38-50_float_010.mp4,float,36.03,40.03,unrated,,30,640x480,RealSense D435i,Catherine,Fly Space,1_recordings/2025-05-19_19-38-50/raw_recording.mp4,yes,record_with_timer
2025-05-19_19-38-50,2025-05-19_19-38-50_punch_011.mp4,punch,40.03,44.04,unrated,,30,640x480,RealSense D435i,Catherine,Fly Space,1_recordings/2025-05-19_19-38-50/raw_recording.mp4,no,record_with_timer
2025-05-19_19-38-50,2025-05-19_19-38-50_punch_012.mp4,punch,44.04,48.04,unrated,,30,640x480,RealSense D435i,Catherine,Fly Space,1_recordings/2025-05-19_19-38-50/raw_recording.mp4,yes,record_with_timer
2025-05-19_19-38-50,2025-05-19_19-38-50_punch_013.mp4,punch,48.04,52.04,unrated,,30,640x480,RealSense D435i,Catherine,Fly Space,1_recordings/2025-05-19_19-38-50/raw_recording.mp4,yes,record_with_timer
2025-05-19_19-38-50,2025-05-19_19-38-50_punch_014.mp4,punch,52.04,56.05,unrated,,30,640x480,RealSense D435i,Catherine,Fly Space,1_recordings/2025-05-19_19-38-50/raw_recording.mp4,yes,record_with_timer
2025-05-19_19-38-50,2025-05-19_19-38-50_punch_015.mp4,punch,56.05,60.05,unrated,,30,640x480,RealSense D435i,Catherine,Fly Space,1_recordings/2025-05-19_19-38-50/raw_recording.mp4,yes,record_with_timer
2025-05-19_19-38-50,2025-05-19_19-38-50_punch_016.mp4,punch,60.05,64.05,unrated,,30,640x480,RealSense D435i,Catherine,Fly Space,1_recordings/2025-05-19_19-38-50/raw_recording.mp4,yes,record_with_timer
2025-05-19_19-38-50,2025-05-19_19-38-50_punch_017.mp4,punch,64.05,68.05,unrated,,30,640x480,RealSense D435i,Catherine,Fly Space,1_recordings/2025-05-19_19-38-50/raw_recording.mp4,yes,record_with_timer
2025-05-19_19-38-50,2025-05-19_19-38-50_punch_018.mp4,punch,68.05,72.06,unrated,,30,640x480,RealSense D435i,Catherine,Fly Space,1_recordings/2025-05-19_19-38-50/raw_recording.mp4,yes,record_with_timer
2025-05-19_19-38-50,2025-05-19_19-38-50_punch_019.mp4,punch,72.06,76.06,unrated,,30,640x480,RealSense D435i,Catherine,Fly Space,1_recordings/2025-05-19_19-38-50/raw_recording.mp4,yes,record_with_timer
2025-05-19_19-38-50,2025-05-19_19-38-50_punch_020.mp4,punch,76.06,80.06,unrated,,30,640x480,RealSense D435i,Catherine,Fly Space,1_recordings/2025-05-19_19-38-50/raw_recording.mp4,yes,record_with_timer
2025-05-19_19-48-51,2025-05-19_19-48-51_float_001.mp4,float,0.0,4.01,unrated,,30,640x480,RealSense D435i,Catherine,Fly Space,1_recordings/2025-05-19_19-48-51/raw_recording.mp4,no,record_with_timer
2025-05-19_19-48-51,2025-05-19_19-48-51_float_002.mp4,float,4.01,8.01,unrated,,30,640x480,RealSense D435i,Catherine,Fly Space,1_recordings/2025-05-19_19-48-51/raw_recording.mp4,yes,record_with_timer
2025-05-19_19-48-51,2025-05-19_19-48-51_float_003.mp4,float,8.01,12.01,unrated,,30,640x480,RealSense D435i,Catherine,Fly Space,1_recordings/2025-05-19_19-48-51/raw_recording.mp4,yes,record_with_timer
2025-05-19_19-48-51,2025-05-19_19-48-51_float_004.mp4,float,12.01,16.02,unrated,,30,640x480,RealSense D435i,Catherine,Fly Space,1_recordings/2025-05-19_19-48-51/raw_recording.mp4,yes,record_with_timer
2025-05-19_19-48-51,2025-05-19_19-48-51_float_005.mp4,float,16.02,20.02,unrated,,30,640x480,RealSense D435i,Catherine,Fly Space,1_recordings/2025-05-19_19-48-51/raw_recording.mp4,yes,record_with_timer
2025-05-19_19-48-51,2025-05-19_19-48-51_float_006.mp4,float,20.02,24.02,unrated,,30,640x480,RealSense D435i,Catherine,Fly Space,1_recordings/2025-05-19_19-48-51/raw_recording.mp4,yes,record_with_timer
2025-05-19_19-48-51,2025-05-19_19-48-51_float_007.mp4,float,24.02,28.03,unrated,,30,640x480,RealSense D435i,Catherine,Fly Space,1_recordings/2025-05-19_19-48-51/raw_recording.mp4,yes,record_with_timer
2025-05-19_19-48-51,2025-05-19_19-48-51_float_008.mp4,float,28.03,32.03,unrated,,30,640x480,RealSense D435i,Catherine,Fly Space,1_recordings/2025-05-19_19-48-51/raw_recording.mp4,yes,record_with_timer
2025-05-19_19-48-51,2025-05-19_19-48-51_float_009.mp4,float,32.03,36.03,unrated,,30,640x480,RealSense D435i,Catherine,Fly Space,1_recordings/2025-05-19_19-48-51/raw_recording.mp4,no,record_with_timer
2025-05-19_19-48-51,2025-05-19_19-48-51_float_010.mp4,float,36.03,40.03,unrated,,30,640x480,RealSense D435i,Catherine,Fly Space,1_recordings/2025-05-19_19-48-51/raw_recording.mp4,yes,record_with_timer
2025-05-19_19-48-51,2025-05-19_19-48-51_punch_011.mp4,punch,40.03,44.04,unrated,,30,640x480,RealSense D435i,Catherine,Fly Space,1_recordings/2025-05-19_19-48-51/raw_recording.mp4,no,record_with_timer
2025-05-19_19-48-51,2025-05-19_19-48-51_punch_012.mp4,punch,44.04,48.04,unrated,,30,640x480,RealSense D435i,Catherine,Fly Space,1_recordings/2025-05-19_19-48-51/raw_recording.mp4,no,record_with_timer
2025-05-19_19-48-51,2025-05-19_19-48-51_punch_013.mp4,punch,48.04,52.04,unrated,,30,640x480,RealSense D435i,Catherine,Fly Space,1_recordings/2025-05-19_19-48-51/raw_recording.mp4,no,record_with_timer
2025-05-19_19-48-51,2025-05-19_19-48-51_punch_014.mp4,punch,52.04,56.05,unrated,,30,640x480,RealSense D435i,Catherine,Fly Space,1_recordings/2025-05-19_19-48-51/raw_recording.mp4,no,record_with_timer
2025-05-19_19-48-51,2025-05-19_19-48-51_punch_015.mp4,punch,56.05,60.05,unrated,,30,640x480,RealSense D435i,Catherine,Fly Space,1_recordings/2025-05-19_19-48-51/raw_recording.mp4,no,record_with_timer
2025-05-19_19-48-51,2025-05-19_19-48-51_punch_016.mp4,punch,60.05,64.05,unrated,,30,640x480,RealSense D435i,Catherine,Fly Space,1_recordings/2025-05-19_19-48-51/raw_recording.mp4,no,record_with_timer
2025-05-19_19-48-51,2025-05-19_19-48-51_punch_017.mp4,punch,64.05,68.05,unrated,,30,640x480,RealSense D435i,Catherine,Fly Space,1_recordings/2025-05-19_19-48-51/raw_recording.mp4,no,record_with_timer
2025-05-19_19-48-51,2025-05-19_19-48-51_punch_018.mp4,punch,68.05,72.06,unrated,,30,640x480,RealSense D435i,Catherine,Fly Space,1_recordings/2025-05-19_19-48-51/raw_recording.mp4,yes,record_with_timer
2025-05-19_19-48-51,2025-05-19_19-48-51_punch_019.mp4,punch,72.06,76.06,unrated,,30,640x480,RealSense D435i,Catherine,Fly Space,1_recordings/2025-05-19_19-48-51/raw_recording.mp4,yes,record_with_timer
2025-05-19_19-48-51,2025-05-19_19-48-51_punch_020.mp4,punch,76.06,80.06,unrated,,30,640x480,RealSense D435i,Catherine,Fly Space,1_recordings/2025-05-19_19-48-51/raw_recording.mp4,yes,record_with_timer
2025-05-19_19-50-20,2025-05-19_19-50-20_float_001.mp4,float,0.0,4.01,unrated,,30,640x480,RealSense D435i,Catherine,Fly Space,1_recordings/2025-05-19_19-50-20/raw_recording.mp4,no,record_with_timer
2025-05-19_19-50-20,2025-05-19_19-50-20_float_002.mp4,float,4.01,8.01,unrated,,30,640x480,RealSense D435i,Catherine,Fly Space,1_recordings/2025-05-19_19-50-20/raw_recording.mp4,yes,record_with_timer
2025-05-19_19-50-20,2025-05-19_19-50-20_float_003.mp4,float,8.01,12.01,unrated,,30,640x480,RealSense D435i,Catherine,Fly Space,1_recordings/2025-05-19_19-50-20/raw_recording.mp4,yes,record_with_timer
2025-05-19_19-50-20,2025-05-19_19-50-20_float_004.mp4,float,12.01,16.02,unrated,,30,640x480,RealSense D435i,Catherine,Fly Space,1_recordings/2025-05-19_19-50-20/raw_recording.mp4,yes,record_with_timer
2025-05-19_19-50-20,2025-05-19_19-50-20_float_005.mp4,float,16.02,20.02,unrated,,30,640x480,RealSense D435i,Catherine,Fly Space,1_recordings/2025-05-19_19-50-20/raw_recording.mp4,yes,record_with_timer
2025-05-19_19-50-20,2025-05-19_19-50-20_float_006.mp4,float,20.02,24.02,unrated,,30,640x480,RealSense D435i,Catherine,Fly Space,1_recordings/2025-05-19_19-50-20/raw_recording.mp4,yes,record_with_timer
2025-05-19_19-50-20,2025-05-19_19-50-20_float_007.mp4,float,24.02,28.03,unrated,,30,640x480,RealSense D435i,Catherine,Fly Space,1_recordings/2025-05-19_19-50-20/raw_recording.mp4,yes,record_with_timer
2025-05-19_19-50-20,2025-05-19_19-50-20_float_008.mp4,float,28.03,32.03,unrated,,30,640x480,RealSense D435i,Catherine,Fly Space,1_recordings/2025-05-19_19-50-20/raw_recording.mp4,yes,record_with_timer
2025-05-19_19-50-20,2025-05-19_19-50-20_float_009.mp4,float,32.03,36.03,unrated,,30,640x480,RealSense D435i,Catherine,Fly Space,1_recordings/2025-05-19_19-50-20/raw_recording.mp4,yes,record_with_timer
2025-05-19_19-50-20,2025-05-19_19-50-20_float_010.mp4,float,36.03,40.03,unrated,,30,640x480,RealSense D435i,Catherine,Fly Space,1_recordings/2025-05-19_19-50-20/raw_recording.mp4,yes,record_with_timer
2025-05-19_19-50-20,2025-05-19_19-50-20_punch_011.mp4,punch,40.03,44.04,unrated,,30,640x480,RealSense D435i,Catherine,Fly Space,1_recordings/2025-05-19_19-50-20/raw_recording.mp4,yes,record_with_timer
2025-05-19_19-50-20,2025-05-19_19-50-20_punch_012.mp4,punch,44.04,48.04,unrated,,30,640x480,RealSense D435i,Catherine,Fly Space,1_recordings/2025-05-19_19-50-20/raw_recording.mp4,yes,record_with_timer
2025-05-19_19-50-20,2025-05-19_19-50-20_punch_013.mp4,punch,48.04,52.04,unrated,,30,640x480,RealSense D435i,Catherine,Fly Space,1_recordings/2025-05-19_19-50-20/raw_recording.mp4,yes,record_with_timer
2025-05-19_19-50-20,2025-05-19_19-50-20_punch_014.mp4,punch,52.04,56.05,unrated,,30,640x480,RealSense D435i,Catherine,Fly Space,1_recordings/2025-05-19_19-50-20/raw_recording.mp4,yes,record_with_timer
2025-05-19_19-50-20,2025-05-19_19-50-20_punch_015.mp4,punch,56.05,60.05,unrated,,30,640x480,RealSense D435i,Catherine,Fly Space,1_recordings/2025-05-19_19-50-20/raw_recording.mp4,yes,record_with_timer
2025-05-19_19-50-20,2025-05-19_19-50-20_punch_016.mp4,punch,60.05,64.05,unrated,,30,640x480,RealSense D435i,Catherine,Fly Space,1_recordings/2025-05-19_19-50-20/raw_recording.mp4,yes,record_with_timer
2025-05-19_19-50-20,2025-05-19_19-50-20_punch_017.mp4,punch,64.05,68.05,unrated,,30,640x480,RealSense D435i,Catherine,Fly Space,1_recordings/2025-05-19_19-50-20/raw_recording.mp4,yes,record_with_timer
2025-05-19_19-50-20,2025-05-19_19-50-20_punch_018.mp4,punch,68.05,72.06,unrated,,30,640x480,RealSense D435i,Catherine,Fly Space,1_recordings/2025-05-19_19-50-20/raw_recording.mp4,yes,record_with_timer
2025-05-19_19-50-20,2025-05-19_19-50-20_punch_019.mp4,punch,72.06,76.06,unrated,,30,640x480,RealSense D435i,Catherine,Fly Space,1_recordings/2025-05-19_19-50-20/raw_recording.mp4,yes,record_with_timer
2025-05-19_19-50-20,2025-05-19_19-50-20_punch_020.mp4,punch,76.06,80.06,unrated,,30,640x480,RealSense D435i,Catherine,Fly Space,1_recordings/2025-05-19_19-50-20/raw_recording.mp4,yes,record_with_timer
2025-05-19_19-51-51,2025-05-19_19-51-51_float_001.mp4,float,0.0,4.01,unrated,,30,640x480,RealSense D435i,Catherine,Fly Space,1_recordings/2025-05-19_19-51-51/raw_recording.mp4,no,record_with_timer
2025-05-19_19-51-51,2025-05-19_19-51-51_float_002.mp4,float,4.01,8.01,unrated,,30,640x480,RealSense D435i,Catherine,Fly Space,1_recordings/2025-05-19_19-51-51/raw_recording.mp4,yes,record_with_timer
2025-05-19_19-51-51,2025-05-19_19-51-51_float_003.mp4,float,8.01,12.01,unrated,,30,640x480,RealSense D435i,Catherine,Fly Space,1_recordings/2025-05-19_19-51-51/raw_recording.mp4,yes,record_with_timer
2025-05-19_19-51-51,2025-05-19_19-51-51_float_004.mp4,float,12.01,16.02,unrated,,30,640x480,RealSense D435i,Catherine,Fly Space,1_recordings/2025-05-19_19-51-51/raw_recording.mp4,yes,record_with_timer
2025-05-19_19-51-51,2025-05-19_19-51-51_float_005.mp4,float,16.02,20.02,unrated,,30,640x480,RealSense D435i,Catherine,Fly Space,1_recordings/2025-05-19_19-51-51/raw_recording.mp4,yes,record_with_timer
2025-05-19_19-51-51,2025-05-19_19-51-51_float_006.mp4,float,20.02,24.02,unrated,,30,640x480,RealSense D435i,Catherine,Fly Space,1_recordings/2025-05-19_19-51-51/raw_recording.mp4,yes,record_with_timer
2025-05-19_19-51-51,2025-05-19_19-51-51_float_007.mp4,float,24.02,28.03,unrated,,30,640x480,RealSense D435i,Catherine,Fly Space,1_recordings/2025-05-19_19-51-51/raw_recording.mp4,yes,record_with_timer
2025-05-19_19-51-51,2025-05-19_19-51-51_float_008.mp4,float,28.03,32.03,unrated,,30,640x480,RealSense D435i,Catherine,Fly Space,1_recordings/2025-05-19_19-51-51/raw_recording.mp4,yes,record_with_timer
2025-05-19_19-51-51,2025-05-19_19-51-51_float_009.mp4,float,32.03,36.03,unrated,,30,640x480,RealSense D435i,Catherine,Fly Space,1_recordings/2025-05-19_19-51-51/raw_recording.mp4,no,record_with_timer
2025-05-19_19-51-51,2025-05-19_19-51-51_float_010.mp4,float,36.03,40.03,unrated,,30,640x480,RealSense D435i,Catherine,Fly Space,1_recordings/2025-05-19_19-51-51/raw_recording.mp4,yes,record_with_timer
2025-05-19_19-51-51,2025-05-19_19-51-51_punch_011.mp4,punch,40.03,44.04,unrated,,30,640x480,RealSense D435i,Catherine,Fly Space,1_recordings/2025-05-19_19-51-51/raw_recording.mp4,yes,record_with_timer
2025-05-19_19-51-51,2025-05-19_19-51-51_punch_012.mp4,punch,44.04,48.04,unrated,,30,640x480,RealSense D435i,Catherine,Fly Space,1_recordings/2025-05-19_19-51-51/raw_recording.mp4,yes,record_with_timer
2025-05-19_19-51-51,2025-05-19_19-51-51_punch_013.mp4,punch,48.04,52.04,unrated,,30,640x480,RealSense D435i,Catherine,Fly Space,1_recordings/2025-05-19_19-51-51/raw_recording.mp4,yes,record_with_timer
2025-05-19_19-51-51,2025-05-19_19-51-51_punch_014.mp4,punch,52.04,56.05,unrated,,30,640x480,RealSense D435i,Catherine,Fly Space,1_recordings/2025-05-19_19-51-51/raw_recording.mp4,yes,record_with_timer
2025-05-19_19-51-51,2025-05-19_19-51-51_punch_015.mp4,punch,56.05,60.05,unrated,,30,640x480,RealSense D435i,Catherine,Fly Space,1_recordings/2025-05-19_19-51-51/raw_recording.mp4,yes,record_with_timer
2025-05-19_19-51-51,2025-05-19_19-51-51_punch_016.mp4,punch,60.05,64.05,unrated,,30,640x480,RealSense D435i,Catherine,Fly Space,1_recordings/2025-05-19_19-51-51/raw_recording.mp4,yes,record_with_timer
2025-05-19_19-51-51,2025-05-19_19-51-51_punch_017.mp4,punch,64.05,68.06,unrated,,30,640x480,RealSense D435i,Catherine,Fly Space,1_recordings/2025-05-19_19-51-51/raw_recording.mp4,yes,record_with_timer
2025-05-19_19-51-51,2025-05-19_19-51-51_punch_018.mp4,punch,68.06,72.06,unrated,,30,640x480,RealSense D435i,Catherine,Fly Space,1_recordings/2025-05-19_19-51-51/raw_recording.mp4,yes,record_with_timer
2025-05-19_19-51-51,2025-05-19_19-51-51_punch_019.mp4,punch,72.06,76.06,unrated,,30,640x480,RealSense D435i,Catherine,Fly Space,1_recordings/2025-05-19_19-51-51/raw_recording.mp4,yes,record_with_timer
2025-05-19_19-51-51,2025-05-19_19-51-51_punch_020.mp4,punch,76.06,80.06,unrated,,30,640x480,RealSense D435i,Catherine,Fly Space,1_recordings/2025-05-19_19-51-51/raw_recording.mp4,yes,record_with_timer
2025-05-19_19-53-37,2025-05-19_19-53-37_float_001.mp4,float,0.0,4.01,unrated,,30,640x480,RealSense D435i,Catherine,Fly Space,1_recordings/2025-05-19_19-53-37/raw_recording.mp4,no,record_with_timer
2025-05-19_19-53-37,2025-05-19_19-53-37_float_002.mp4,float,4.01,8.01,unrated,,30,640x480,RealSense D435i,Catherine,Fly Space,1_recordings/2025-05-19_19-53-37/raw_recording.mp4,yes,record_with_timer
2025-05-19_19-53-37,2025-05-19_19-53-37_float_003.mp4,float,8.01,12.01,unrated,,30,640x480,RealSense D435i,Catherine,Fly Space,1_recordings/2025-05-19_19-53-37/raw_recording.mp4,yes,record_with_timer
2025-05-19_19-53-37,2025-05-19_19-53-37_float_004.mp4,float,12.01,16.02,unrated,,30,640x480,RealSense D435i,Catherine,Fly Space,1_recordings/2025-05-19_19-53-37/raw_recording.mp4,yes,record_with_timer
2025-05-19_19-53-37,2025-05-19_19-53-37_float_005.mp4,float,16.02,20.02,unrated,,30,640x480,RealSense D435i,Catherine,Fly Space,1_recordings/2025-05-19_19-53-37/raw_recording.mp4,no,record_with_timer
2025-05-19_19-53-37,2025-05-19_19-53-37_float_006.mp4,float,20.02,24.02,unrated,,30,640x480,RealSense D435i,Catherine,Fly Space,1_recordings/2025-05-19_19-53-37/raw_recording.mp4,yes,record_with_timer
2025-05-19_19-53-37,2025-05-19_19-53-37_float_007.mp4,float,24.02,28.03,unrated,,30,640x480,RealSense D435i,Catherine,Fly Space,1_recordings/2025-05-19_19-53-37/raw_recording.mp4,yes,record_with_timer
2025-05-19_19-53-37,2025-05-19_19-53-37_float_008.mp4,float,28.03,32.03,unrated,,30,640x480,RealSense D435i,Catherine,Fly Space,1_recordings/2025-05-19_19-53-37/raw_recording.mp4,yes,record_with_timer
2025-05-19_19-53-37,2025-05-19_19-53-37_float_009.mp4,float,32.03,36.03,unrated,,30,640x480,RealSense D435i,Catherine,Fly Space,1_recordings/2025-05-19_19-53-37/raw_recording.mp4,yes,record_with_timer
2025-05-19_19-53-37,2025-05-19_19-53-37_float_010.mp4,float,36.03,40.03,unrated,,30,640x480,RealSense D435i,Catherine,Fly Space,1_recordings/2025-05-19_19-53-37/raw_recording.mp4,yes,record_with_timer
2025-05-19_19-53-37,2025-05-19_19-53-37_punch_011.mp4,punch,40.03,44.04,unrated,,30,640x480,RealSense D435i,Catherine,Fly Space,1_recordings/2025-05-19_19-53-37/raw_recording.mp4,no,record_with_timer
2025-05-19_19-53-37,2025-05-19_19-53-37_punch_012.mp4,punch,44.04,48.04,unrated,,30,640x480,RealSense D435i,Catherine,Fly Space,1_recordings/2025-05-19_19-53-37/raw_recording.mp4,yes,record_with_timer
2025-05-19_19-53-37,2025-05-19_19-53-37_punch_013.mp4,punch,48.04,52.04,unrated,,30,640x480,RealSense D435i,Catherine,Fly Space,1_recordings/2025-05-19_19-53-37/raw_recording.mp4,yes,record_with_timer
2025-05-19_19-53-37,2025-05-19_19-53-37_punch_014.mp4,punch,52.04,56.05,unrated,,30,640x480,RealSense D435i,Catherine,Fly Space,1_recordings/2025-05-19_19-53-37/raw_recording.mp4,yes,record_with_timer
2025-05-19_19-53-37,2025-05-19_19-53-37_punch_015.mp4,punch,56.05,60.05,unrated,,30,640x480,RealSense D435i,Catherine,Fly Space,1_recordings/2025-05-19_19-53-37/raw_recording.mp4,yes,record_with_timer
2025-05-19_19-53-37,2025-05-19_19-53-37_punch_016.mp4,punch,60.05,64.05,unrated,,30,640x480,RealSense D435i,Catherine,Fly Space,1_recordings/2025-05-19_19-53-37/raw_recording.mp4,yes,record_with_timer
2025-05-19_19-53-37,2025-05-19_19-53-37_punch_017.mp4,punch,64.05,68.06,unrated,,30,640x480,RealSense D435i,Catherine,Fly Space,1_recordings/2025-05-19_19-53-37/raw_recording.mp4,yes,record_with_timer
2025-05-19_19-53-37,2025-05-19_19-53-37_punch_018.mp4,punch,68.06,72.06,unrated,,30,640x480,RealSense D435i,Catherine,Fly Space,1_recordings/2025-05-19_19-53-37/raw_recording.mp4,yes,record_with_timer
2025-05-19_19-53-37,2025-05-19_19-53-37_punch_019.mp4,punch,72.06,76.06,unrated,,30,640x480,RealSense D435i,Catherine,Fly Space,1_recordings/2025-05-19_19-53-37/raw_recording.mp4,yes,record_with_timer
2025-05-19_19-53-37,2025-05-19_19-53-37_punch_020.mp4,punch,76.06,80.06,unrated,,30,640x480,RealSense D435i,Catherine,Fly Space,1_recordings/2025-05-19_19-53-37/raw_recording.mp4,yes,record_with_timer
2025-05-28_20-36-20,2025-05-28_20-36-20_punch_live.mp4,punch,0.0,2.0,unrated,live classify sample,20,640x480,RealSense D435i,Catherine,Fly Space,live_classify_logs/2025-05-28_20-36-20/2025-05-28_20-36-20_clip.mp4,live_classify,
2025-05-28_20-37-05,2025-05-28_20-37-05_float_live.mp4,float,0.0,2.0,unrated,live classify sample,20,640x480,RealSense D435i,Catherine,Fly Space,live_classify_logs/2025-05-28_20-37-05/2025-05-28_20-37-05_clip.mp4,live_classify,
2025-05-28_20-37-25,2025-05-28_20-37-25_punch_live.mp4,punch,0.0,2.0,unrated,live classify sample,20,640x480,RealSense D435i,Catherine,Fly Space,live_classify_logs/2025-05-28_20-37-25/2025-05-28_20-37-25_clip.mp4,live_classify,
2025-05-28_20-58-47,2025-05-28_20-58-47_glide_001.mp4,glide,0.0,4.0,unrated,,30,640x480,RealSense D435i,Catherine,Fly Space,1_recordings/2025-05-28_20-58-47/raw_recording.mp4,record_with_timer,
2025-05-28_20-58-47,2025-05-28_20-58-47_glide_002.mp4,glide,4.0,8.01,unrated,,30,640x480,RealSense D435i,Catherine,Fly Space,1_recordings/2025-05-28_20-58-47/raw_recording.mp4,record_with_timer,
2025-05-28_20-58-47,2025-05-28_20-58-47_glide_003.mp4,glide,8.01,12.01,unrated,,30,640x480,RealSense D435i,Catherine,Fly Space,1_recordings/2025-05-28_20-58-47/raw_recording.mp4,record_with_timer,
2025-05-28_20-58-47,2025-05-28_20-58-47_glide_004.mp4,glide,12.01,16.02,unrated,,30,640x480,RealSense D435i,Catherine,Fly Space,1_recordings/2025-05-28_20-58-47/raw_recording.mp4,record_with_timer,
2025-05-28_20-58-47,2025-05-28_20-58-47_glide_005.mp4,glide,16.02,20.02,unrated,,30,640x480,RealSense D435i,Catherine,Fly Space,1_recordings/2025-05-28_20-58-47/raw_recording.mp4,record_with_timer,
2025-05-28_20-58-47,2025-05-28_20-58-47_glide_006.mp4,glide,20.02,24.02,unrated,,30,640x480,RealSense D435i,Catherine,Fly Space,1_recordings/2025-05-28_20-58-47/raw_recording.mp4,record_with_timer,
2025-05-28_20-59-46,2025-05-28_20-59-46_glide_001.mp4,glide,0.0,4.01,unrated,,30,640x480,RealSense D435i,Catherine,Fly Space,1_recordings/2025-05-28_20-59-46/raw_recording.mp4,record_with_timer,
2025-05-28_20-59-46,2025-05-28_20-59-46_glide_002.mp4,glide,4.01,8.01,unrated,,30,640x480,RealSense D435i,Catherine,Fly Space,1_recordings/2025-05-28_20-59-46/raw_recording.mp4,record_with_timer,
2025-05-28_20-59-46,2025-05-28_20-59-46_glide_003.mp4,glide,8.01,12.01,unrated,,30,640x480,RealSense D435i,Catherine,Fly Space,1_recordings/2025-05-28_20-59-46/raw_recording.mp4,record_with_timer,
2025-05-28_20-59-46,2025-05-28_20-59-46_glide_004.mp4,glide,12.01,16.02,unrated,,30,640x480,RealSense D435i,Catherine,Fly Space,1_recordings/2025-05-28_20-59-46/raw_recording.mp4,record_with_timer,
2025-05-28_20-59-46,2025-05-28_20-59-46_glide_005.mp4,glide,16.02,20.02,unrated,,30,640x480,RealSense D435i,Catherine,Fly Space,1_recordings/2025-05-28_20-59-46/raw_recording.mp4,record_with_timer,
2025-05-28_20-59-46,2025-05-28_20-59-46_glide_006.mp4,glide,20.02,24.02,unrated,,30,640x480,RealSense D435i,Catherine,Fly Space,1_recordings/2025-05-28_20-59-46/raw_recording.mp4,record_with_timer,
2025-05-28_20-59-46,2025-05-28_20-59-46_glide_007.mp4,glide,24.02,28.02,unrated,,30,640x480,RealSense D435i,Catherine,Fly Space,1_recordings/2025-05-28_20-59-46/raw_recording.mp4,record_with_timer,
2025-05-28_20-59-46,2025-05-28_20-59-46_glide_008.mp4,glide,28.02,32.03,unrated,,30,640x480,RealSense D435i,Catherine,Fly Space,1_recordings/2025-05-28_20-59-46/raw_recording.mp4,record_with_timer,
2025-05-28_21-01-45,2025-05-28_21-01-45_glide_001.mp4,glide,0.0,4.01,unrated,,30,640x480,RealSense D435i,Catherine,Fly Space,1_recordings/2025-05-28_21-01-45/raw_recording.mp4,no,
2025-05-28_21-01-45,2025-05-28_21-01-45_glide_002.mp4,glide,4.01,8.01,unrated,,30,640x480,RealSense D435i,Catherine,Fly Space,1_recordings/2025-05-28_21-01-45/raw_recording.mp4,yes,
2025-05-28_21-01-45,2025-05-28_21-01-45_glide_003.mp4,glide,8.01,12.01,unrated,,30,640x480,RealSense D435i,Catherine,Fly Space,1_recordings/2025-05-28_21-01-45/raw_recording.mp4,yes,
2025-05-28_21-01-45,2025-05-28_21-01-45_glide_004.mp4,glide,12.01,16.02,unrated,,30,640x480,RealSense D435i,Catherine,Fly Space,1_recordings/2025-05-28_21-01-45/raw_recording.mp4,yes,
2025-05-28_21-01-45,2025-05-28_21-01-45_glide_005.mp4,glide,16.02,20.02,unrated,,30,640x480,RealSense D435i,Catherine,Fly Space,1_recordings/2025-05-28_21-01-45/raw_recording.mp4,yes,
2025-05-28_21-01-45,2025-05-28_21-01-45_glide_006.mp4,glide,20.02,24.02,unrated,,30,640x480,RealSense D435i,Catherine,Fly Space,1_recordings/2025-05-28_21-01-45/raw_recording.mp4,yes,
2025-05-28_21-01-45,2025-05-28_21-01-45_glide_007.mp4,glide,24.02,28.02,unrated,,30,640x480,RealSense D435i,Catherine,Fly Space,1_recordings/2025-05-28_21-01-45/raw_recording.mp4,yes,
2025-05-28_21-01-45,2025-05-28_21-01-45_glide_008.mp4,glide,28.02,32.03,unrated,,30,640x480,RealSense D435i,Catherine,Fly Space,1_recordings/2025-05-28_21-01-45/raw_recording.mp4,yes,
2025-05-28_21-01-45,2025-05-28_21-01-45_glide_009.mp4,glide,32.03,36.03,unrated,,30,640x480,RealSense D435i,Catherine,Fly Space,1_recordings/2025-05-28_21-01-45/raw_recording.mp4,yes,
2025-05-28_21-01-45,2025-05-28_21-01-45_glide_010.mp4,glide,36.03,40.03,unrated,,30,640x480,RealSense D435i,Catherine,Fly Space,1_recordings/2025-05-28_21-01-45/raw_recording.mp4,yes,
2025-05-28_21-01-45,2025-05-28_21-01-45_slash_011.mp4,slash,40.03,44.04,unrated,,30,640x480,RealSense D435i,Catherine,Fly Space,1_recordings/2025-05-28_21-01-45/raw_recording.mp4,no,
2025-05-28_21-01-45,2025-05-28_21-01-45_slash_012.mp4,slash,44.04,48.04,unrated,,30,640x480,RealSense D435i,Catherine,Fly Space,1_recordings/2025-05-28_21-01-45/raw_recording.mp4,no,
2025-05-28_21-01-45,2025-05-28_21-01-45_slash_013.mp4,slash,48.04,52.04,unrated,,30,640x480,RealSense D435i,Catherine,Fly Space,1_recordings/2025-05-28_21-01-45/raw_recording.mp4,no,
2025-05-28_21-01-45,2025-05-28_21-01-45_slash_014.mp4,slash,52.04,56.04,unrated,,30,640x480,RealSense D435i,Catherine,Fly Space,1_recordings/2025-05-28_21-01-45/raw_recording.mp4,no,
2025-05-28_21-01-45,2025-05-28_21-01-45_slash_015.mp4,slash,56.04,60.05,unrated,,30,640x480,RealSense D435i,Catherine,Fly Space,1_recordings/2025-05-28_21-01-45/raw_recording.mp4,no,
2025-05-28_21-01-45,2025-05-28_21-01-45_slash_016.mp4,slash,60.05,64.05,unrated,,30,640x480,RealSense D435i,Catherine,Fly Space,1_recordings/2025-05-28_21-01-45/raw_recording.mp4,no,
2025-05-28_21-01-45,2025-05-28_21-01-45_slash_017.mp4,slash,64.05,68.05,unrated,,30,640x480,RealSense D435i,Catherine,Fly Space,1_recordings/2025-05-28_21-01-45/raw_recording.mp4,no,
2025-05-28_21-01-45,2025-05-28_21-01-45_slash_018.mp4,slash,68.05,72.06,unrated,,30,640x480,RealSense D435i,Catherine,Fly Space,1_recordings/2025-05-28_21-01-45/raw_recording.mp4,no,
2025-05-28_21-01-45,2025-05-28_21-01-45_slash_019.mp4,slash,72.06,76.06,unrated,,30,640x480,RealSense D435i,Catherine,Fly Space,1_recordings/2025-05-28_21-01-45/raw_recording.mp4,no,
2025-05-28_21-01-45,2025-05-28_21-01-45_slash_020.mp4,slash,76.06,80.06,unrated,,30,640x480,RealSense D435i,Catherine,Fly Space,1_recordings/2025-05-28_21-01-45/raw_recording.mp4,no,
2025-05-28_21-03-42,2025-05-28_21-03-42_glide_001.mp4,glide,0.0,4.0,unrated,,30,640x480,RealSense D435i,Catherine,Fly Space,1_recordings/2025-05-28_21-03-42/raw_recording.mp4,no,
2025-05-28_21-03-42,2025-05-28_21-03-42_glide_002.mp4,glide,4.0,8.01,unrated,,30,640x480,RealSense D435i,Catherine,Fly Space,1_recordings/2025-05-28_21-03-42/raw_recording.mp4,yes,
2025-05-28_21-03-42,2025-05-28_21-03-42_glide_003.mp4,glide,8.01,12.01,unrated,,30,640x480,RealSense D435i,Catherine,Fly Space,1_recordings/2025-05-28_21-03-42/raw_recording.mp4,yes,
2025-05-28_21-03-42,2025-05-28_21-03-42_glide_004.mp4,glide,12.01,16.02,unrated,,30,640x480,RealSense D435i,Catherine,Fly Space,1_recordings/2025-05-28_21-03-42/raw_recording.mp4,yes,
2025-05-28_21-03-42,2025-05-28_21-03-42_glide_005.mp4,glide,16.02,20.02,unrated,,30,640x480,RealSense D435i,Catherine,Fly Space,1_recordings/2025-05-28_21-03-42/raw_recording.mp4,yes,
2025-05-28_21-03-42,2025-05-28_21-03-42_glide_006.mp4,glide,20.02,24.02,unrated,,30,640x480,RealSense D435i,Catherine,Fly Space,1_recordings/2025-05-28_21-03-42/raw_recording.mp4,yes,
2025-05-28_21-03-42,2025-05-28_21-03-42_glide_007.mp4,glide,24.02,28.02,unrated,,30,640x480,RealSense D435i,Catherine,Fly Space,1_recordings/2025-05-28_21-03-42/raw_recording.mp4,yes,
2025-05-28_21-03-42,2025-05-28_21-03-42_glide_008.mp4,glide,28.02,32.03,unrated,,30,640x480,RealSense D435i,Catherine,Fly Space,1_recordings/2025-05-28_21-03-42/raw_recording.mp4,yes,
2025-05-28_21-03-42,2025-05-28_21-03-42_glide_009.mp4,glide,32.03,36.03,unrated,,30,640x480,RealSense D435i,Catherine,Fly Space,1_recordings/2025-05-28_21-03-42/raw_recording.mp4,yes,
2025-05-28_21-03-42,2025-05-28_21-03-42_glide_010.mp4,glide,36.03,40.03,unrated,,30,640x480,RealSense D435i,Catherine,Fly Space,1_recordings/2025-05-28_21-03-42/raw_recording.mp4,yes,
2025-05-28_21-03-42,2025-05-28_21-03-42_slash_011.mp4,slash,40.03,44.04,unrated,,30,640x480,RealSense D435i,Catherine,Fly Space,1_recordings/2025-05-28_21-03-42/raw_recording.mp4,yes,
2025-05-28_21-03-42,2025-05-28_21-03-42_slash_012.mp4,slash,44.04,48.04,unrated,,30,640x480,RealSense D435i,Catherine,Fly Space,1_recordings/2025-05-28_21-03-42/raw_recording.mp4,yes,
2025-05-28_21-03-42,2025-05-28_21-03-42_slash_013.mp4,slash,48.04,52.04,unrated,,30,640x480,RealSense D435i,Catherine,Fly Space,1_recordings/2025-05-28_21-03-42/raw_recording.mp4,no,
2025-05-28_21-03-42,2025-05-28_21-03-42_slash_014.mp4,slash,52.04,56.04,unrated,,30,640x480,RealSense D435i,Catherine,Fly Space,1_recordings/2025-05-28_21-03-42/raw_recording.mp4,yes,
2025-05-28_21-03-42,2025-05-28_21-03-42_slash_015.mp4,slash,56.04,60.04,unrated,,30,640x480,RealSense D435i,Catherine,Fly Space,1_recordings/2025-05-28_21-03-42/raw_recording.mp4,yes,
2025-05-28_21-03-42,2025-05-28_21-03-42_slash_016.mp4,slash,60.04,64.05,unrated,,30,640x480,RealSense D435i,Catherine,Fly Space,1_recordings/2025-05-28_21-03-42/raw_recording.mp4,yes,
2025-05-28_21-03-42,2025-05-28_21-03-42_slash_017.mp4,slash,64.05,68.05,unrated,,30,640x480,RealSense D435i,Catherine,Fly Space,1_recordings/2025-05-28_21-03-42/raw_recording.mp4,yes,
2025-05-28_21-03-42,2025-05-28_21-03-42_slash_018.mp4,slash,68.05,72.06,unrated,,30,640x480,RealSense D435i,Catherine,Fly Space,1_recordings/2025-05-28_21-03-42/raw_recording.mp4,yes,
2025-05-28_21-03-42,2025-05-28_21-03-42_slash_019.mp4,slash,72.06,76.06,unrated,,30,640x480,RealSense D435i,Catherine,Fly Space,1_recordings/2025-05-28_21-03-42/raw_recording.mp4,yes,
2025-05-28_21-03-42,2025-05-28_21-03-42_slash_020.mp4,slash,76.06,80.06,unrated,,30,640x480,RealSense D435i,Catherine,Fly Space,1_recordings/2025-05-28_21-03-42/raw_recording.mp4,yes,
2025-05-28_21-05-07,2025-05-28_21-05-07_glide_001.mp4,glide,0.0,4.01,unrated,,30,640x480,RealSense D435i,Catherine,Fly Space,1_recordings/2025-05-28_21-05-07/raw_recording.mp4,no,
2025-05-28_21-05-07,2025-05-28_21-05-07_glide_002.mp4,glide,4.01,8.01,unrated,,30,640x480,RealSense D435i,Catherine,Fly Space,1_recordings/2025-05-28_21-05-07/raw_recording.mp4,yes,
2025-05-28_21-05-07,2025-05-28_21-05-07_glide_003.mp4,glide,8.01,12.01,unrated,,30,640x480,RealSense D435i,Catherine,Fly Space,1_recordings/2025-05-28_21-05-07/raw_recording.mp4,yes,
2025-05-28_21-05-07,2025-05-28_21-05-07_glide_004.mp4,glide,12.01,16.02,unrated,,30,640x480,RealSense D435i,Catherine,Fly Space,1_recordings/2025-05-28_21-05-07/raw_recording.mp4,yes,
2025-05-28_21-05-07,2025-05-28_21-05-07_glide_005.mp4,glide,16.02,20.02,unrated,,30,640x480,RealSense D435i,Catherine,Fly Space,1_recordings/2025-05-28_21-05-07/raw_recording.mp4,yes,
2025-05-28_21-05-07,2025-05-28_21-05-07_glide_006.mp4,glide,20.02,24.02,unrated,,30,640x480,RealSense D435i,Catherine,Fly Space,1_recordings/2025-05-28_21-05-07/raw_recording.mp4,yes,
2025-05-28_21-05-07,2025-05-28_21-05-07_glide_007.mp4,glide,24.02,28.02,unrated,,30,640x480,RealSense D435i,Catherine,Fly Space,1_recordings/2025-05-28_21-05-07/raw_recording.mp4,yes,
2025-05-28_21-05-07,2025-05-28_21-05-07_glide_008.mp4,glide,28.02,32.03,unrated,,30,640x480,RealSense D435i,Catherine,Fly Space,1_recordings/2025-05-28_21-05-07/raw_recording.mp4,yes,
2025-05-28_21-05-07,2025-05-28_21-05-07_glide_009.mp4,glide,32.03,36.03,unrated,,30,640x480,RealSense D435i,Catherine,Fly Space,1_recordings/2025-05-28_21-05-07/raw_recording.mp4,yes,
2025-05-28_21-05-07,2025-05-28_21-05-07_glide_010.mp4,glide,36.03,40.03,unrated,,30,640x480,RealSense D435i,Catherine,Fly Space,1_recordings/2025-05-28_21-05-07/raw_recording.mp4,yes,
2025-05-28_21-05-07,2025-05-28_21-05-07_slash_011.mp4,slash,40.03,44.04,unrated,,30,640x480,RealSense D435i,Catherine,Fly Space,1_recordings/2025-05-28_21-05-07/raw_recording.mp4,yes,
2025-05-28_21-05-07,2025-05-28_21-05-07_slash_012.mp4,slash,44.04,48.04,unrated,,30,640x480,RealSense D435i,Catherine,Fly Space,1_recordings/2025-05-28_21-05-07/raw_recording.mp4,yes,
2025-05-28_21-05-07,2025-05-28_21-05-07_slash_013.mp4,slash,48.04,52.04,unrated,,30,640x480,RealSense D435i,Catherine,Fly Space,1_recordings/2025-05-28_21-05-07/raw_recording.mp4,yes,
2025-05-28_21-05-07,2025-05-28_21-05-07_slash_014.mp4,slash,52.04,56.04,unrated,,30,640x480,RealSense D435i,Catherine,Fly Space,1_recordings/2025-05-28_21-05-07/raw_recording.mp4,yes,
2025-05-28_21-05-07,2025-05-28_21-05-07_slash_015.mp4,slash,56.04,60.05,unrated,,30,640x480,RealSense D435i,Catherine,Fly Space,1_recordings/2025-05-28_21-05-07/raw_recording.mp4,yes,
2025-05-28_21-05-07,2025-05-28_21-05-07_slash_016.mp4,slash,60.05,64.05,unrated,,30,640x480,RealSense D435i,Catherine,Fly Space,1_recordings/2025-05-28_21-05-07/raw_recording.mp4,yes,
2025-05-28_21-05-07,2025-05-28_21-05-07_slash_017.mp4,slash,64.05,68.05,unrated,,30,640x480,RealSense D435i,Catherine,Fly Space,1_recordings/2025-05-28_21-05-07/raw_recording.mp4,yes,
2025-05-28_21-05-07,2025-05-28_21-05-07_slash_018.mp4,slash,68.05,72.06,unrated,,30,640x480,RealSense D435i,Catherine,Fly Space,1_recordings/2025-05-28_21-05-07/raw_recording.mp4,yes,
2025-05-28_21-05-07,2025-05-28_21-05-07_slash_019.mp4,slash,72.06,76.06,unrated,,30,640x480,RealSense D435i,Catherine,Fly Space,1_recordings/2025-05-28_21-05-07/raw_recording.mp4,yes,
2025-05-28_21-05-07,2025-05-28_21-05-07_slash_020.mp4,slash,76.06,80.06,unrated,,30,640x480,RealSense D435i,Catherine,Fly Space,1_recordings/2025-05-28_21-05-07/raw_recording.mp4,yes,
2025-05-28_21-06-32,2025-05-28_21-06-32_glide_001.mp4,glide,0.0,4.01,unrated,,30,640x480,RealSense D435i,Catherine,Fly Space,1_recordings/2025-05-28_21-06-32/raw_recording.mp4,no,
2025-05-28_21-06-32,2025-05-28_21-06-32_glide_002.mp4,glide,4.01,8.01,unrated,,30,640x480,RealSense D435i,Catherine,Fly Space,1_recordings/2025-05-28_21-06-32/raw_recording.mp4,yes,
2025-05-28_21-06-32,2025-05-28_21-06-32_glide_003.mp4,glide,8.01,12.01,unrated,,30,640x480,RealSense D435i,Catherine,Fly Space,1_recordings/2025-05-28_21-06-32/raw_recording.mp4,yes,
2025-05-28_21-06-32,2025-05-28_21-06-32_glide_004.mp4,glide,12.01,16.02,unrated,,30,640x480,RealSense D435i,Catherine,Fly Space,1_recordings/2025-05-28_21-06-32/raw_recording.mp4,yes,
2025-05-28_21-06-32,2025-05-28_21-06-32_glide_005.mp4,glide,16.02,20.02,unrated,,30,640x480,RealSense D435i,Catherine,Fly Space,1_recordings/2025-05-28_21-06-32/raw_recording.mp4,yes,
2025-05-28_21-06-32,2025-05-28_21-06-32_glide_006.mp4,glide,20.02,24.02,unrated,,30,640x480,RealSense D435i,Catherine,Fly Space,1_recordings/2025-05-28_21-06-32/raw_recording.mp4,yes,
2025-05-28_21-06-32,2025-05-28_21-06-32_glide_007.mp4,glide,24.02,28.02,unrated,,30,640x480,RealSense D435i,Catherine,Fly Space,1_recordings/2025-05-28_21-06-32/raw_recording.mp4,yes,
2025-05-28_21-06-32,2025-05-28_21-06-32_glide_008.mp4,glide,28.02,32.03,unrated,,30,640x480,RealSense D435i,Catherine,Fly Space,1_recordings/2025-05-28_21-06-32/raw_recording.mp4,yes,
2025-05-28_21-06-32,2025-05-28_21-06-32_glide_009.mp4,glide,32.03,36.03,unrated,,30,640x480,RealSense D435i,Catherine,Fly Space,1_recordings/2025-05-28_21-06-32/raw_recording.mp4,yes,
2025-05-28_21-06-32,2025-05-28_21-06-32_glide_010.mp4,glide,36.03,40.03,unrated,,30,640x480,RealSense D435i,Catherine,Fly Space,1_recordings/2025-05-28_21-06-32/raw_recording.mp4,yes,
2025-05-28_21-06-32,2025-05-28_21-06-32_slash_011.mp4,slash,40.03,44.04,unrated,,30,640x480,RealSense D435i,Catherine,Fly Space,1_recordings/2025-05-28_21-06-32/raw_recording.mp4,yes,
2025-05-28_21-06-32,2025-05-28_21-06-32_slash_012.mp4,slash,44.04,48.04,unrated,,30,640x480,RealSense D435i,Catherine,Fly Space,1_recordings/2025-05-28_21-06-32/raw_recording.mp4,yes,
2025-05-28_21-06-32,2025-05-28_21-06-32_slash_013.mp4,slash,48.04,52.04,unrated,,30,640x480,RealSense D435i,Catherine,Fly Space,1_recordings/2025-05-28_21-06-32/raw_recording.mp4,yes,
2025-05-28_21-06-32,2025-05-28_21-06-32_slash_014.mp4,slash,52.04,56.04,unrated,,30,640x480,RealSense D435i,Catherine,Fly Space,1_recordings/2025-05-28_21-06-32/raw_recording.mp4,yes,
2025-05-28_21-06-32,2025-05-28_21-06-32_slash_015.mp4,slash,56.04,60.05,unrated,,30,640x480,RealSense D435i,Catherine,Fly Space,1_recordings/2025-05-28_21-06-32/raw_recording.mp4,yes,
2025-05-28_21-06-32,2025-05-28_21-06-32_slash_016.mp4,slash,60.05,64.05,unrated,,30,640x480,RealSense D435i,Catherine,Fly Space,1_recordings/2025-05-28_21-06-32/raw_recording.mp4,no,
2025-05-28_21-06-32,2025-05-28_21-06-32_slash_017.mp4,slash,64.05,68.05,unrated,,30,640x480,RealSense D435i,Catherine,Fly Space,1_recordings/2025-05-28_21-06-32/raw_recording.mp4,yes,
2025-05-28_21-06-32,2025-05-28_21-06-32_slash_018.mp4,slash,68.05,72.06,unrated,,30,640x480,RealSense D435i,Catherine,Fly Space,1_recordings/2025-05-28_21-06-32/raw_recording.mp4,yes,
2025-05-28_21-06-32,2025-05-28_21-06-32_slash_019.mp4,slash,72.06,76.06,unrated,,30,640x480,RealSense D435i,Catherine,Fly Space,1_recordings/2025-05-28_21-06-32/raw_recording.mp4,yes,
2025-05-28_21-06-32,2025-05-28_21-06-32_slash_020.mp4,slash,76.06,80.06,unrated,,30,640x480,RealSense D435i,Catherine,Fly Space,1_recordings/2025-05-28_21-06-32/raw_recording.mp4,yes,
2025-05-28_21-08-01,2025-05-28_21-08-01_glide_001.mp4,glide,0.0,4.01,unrated,,30,640x480,RealSense D435i,Catherine,Fly Space,1_recordings/2025-05-28_21-08-01/raw_recording.mp4,no,
2025-05-28_21-08-01,2025-05-28_21-08-01_glide_002.mp4,glide,4.01,8.01,unrated,,30,640x480,RealSense D435i,Catherine,Fly Space,1_recordings/2025-05-28_21-08-01/raw_recording.mp4,no,
2025-05-28_21-08-01,2025-05-28_21-08-01_glide_003.mp4,glide,8.01,12.01,unrated,,30,640x480,RealSense D435i,Catherine,Fly Space,1_recordings/2025-05-28_21-08-01/raw_recording.mp4,yes,
2025-05-28_21-08-01,2025-05-28_21-08-01_glide_004.mp4,glide,12.01,16.02,unrated,,30,640x480,RealSense D435i,Catherine,Fly Space,1_recordings/2025-05-28_21-08-01/raw_recording.mp4,yes,
2025-05-28_21-08-01,2025-05-28_21-08-01_glide_005.mp4,glide,16.02,20.02,unrated,,30,640x480,RealSense D435i,Catherine,Fly Space,1_recordings/2025-05-28_21-08-01/raw_recording.mp4,yes,
2025-05-28_21-08-01,2025-05-28_21-08-01_glide_006.mp4,glide,20.02,24.02,unrated,,30,640x480,RealSense D435i,Catherine,Fly Space,1_recordings/2025-05-28_21-08-01/raw_recording.mp4,yes,
2025-05-28_21-08-01,2025-05-28_21-08-01_glide_007.mp4,glide,24.02,28.02,unrated,,30,640x480,RealSense D435i,Catherine,Fly Space,1_recordings/2025-05-28_21-08-01/raw_recording.mp4,yes,
2025-05-28_21-08-01,2025-05-28_21-08-01_glide_008.mp4,glide,28.02,32.03,unrated,,30,640x480,RealSense D435i,Catherine,Fly Space,1_recordings/2025-05-28_21-08-01/raw_recording.mp4,yes,
2025-05-28_21-08-01,2025-05-28_21-08-01_glide_009.mp4,glide,32.03,36.03,unrated,,30,640x480,RealSense D435i,Catherine,Fly Space,1_recordings/2025-05-28_21-08-01/raw_recording.mp4,yes,
2025-05-28_21-08-01,2025-05-28_21-08-01_glide_010.mp4,glide,36.03,40.03,unrated,,30,640x480,RealSense D435i,Catherine,Fly Space,1_recordings/2025-05-28_21-08-01/raw_recording.mp4,yes,
2025-05-28_21-08-01,2025-05-28_21-08-01_slash_011.mp4,slash,40.03,44.03,unrated,,30,640x480,RealSense D435i,Catherine,Fly Space,1_recordings/2025-05-28_21-08-01/raw_recording.mp4,yes,
2025-05-28_21-08-01,2025-05-28_21-08-01_slash_012.mp4,slash,44.03,48.04,unrated,,30,640x480,RealSense D435i,Catherine,Fly Space,1_recordings/2025-05-28_21-08-01/raw_recording.mp4,yes,
2025-05-28_21-08-01,2025-05-28_21-08-01_slash_013.mp4,slash,48.04,52.04,unrated,,30,640x480,RealSense D435i,Catherine,Fly Space,1_recordings/2025-05-28_21-08-01/raw_recording.mp4,yes,
2025-05-28_21-08-01,2025-05-28_21-08-01_slash_014.mp4,slash,52.04,56.04,unrated,,30,640x480,RealSense D435i,Catherine,Fly Space,1_recordings/2025-05-28_21-08-01/raw_recording.mp4,yes,
2025-05-28_21-08-01,2025-05-28_21-08-01_slash_015.mp4,slash,56.04,60.05,unrated,,30,640x480,RealSense D435i,Catherine,Fly Space,1_recordings/2025-05-28_21-08-01/raw_recording.mp4,no,
2025-05-28_21-08-01,2025-05-28_21-08-01_slash_016.mp4,slash,60.05,64.05,unrated,,30,640x480,RealSense D435i,Catherine,Fly Space,1_recordings/2025-05-28_21-08-01/raw_recording.mp4,yes,
2025-05-28_21-08-01,2025-05-28_21-08-01_slash_017.mp4,slash,64.05,68.05,unrated,,30,640x480,RealSense D435i,Catherine,Fly Space,1_recordings/2025-05-28_21-08-01/raw_recording.mp4,yes,
2025-05-28_21-08-01,2025-05-28_21-08-01_slash_018.mp4,slash,68.05,72.06,unrated,,30,640x480,RealSense D435i,Catherine,Fly Space,1_recordings/2025-05-28_21-08-01/raw_recording.mp4,yes,
2025-05-28_21-08-01,2025-05-28_21-08-01_slash_019.mp4,slash,72.06,76.06,unrated,,30,640x480,RealSense D435i,Catherine,Fly Space,1_recordings/2025-05-28_21-08-01/raw_recording.mp4,no,
2025-05-28_21-08-01,2025-05-28_21-08-01_slash_020.mp4,slash,76.06,80.06,unrated,,30,640x480,RealSense D435i,Catherine,Fly Space,1_recordings/2025-05-28_21-08-01/raw_recording.mp4,yes,
2025-05-28_21-09-26,2025-05-28_21-09-26_glide_001.mp4,glide,0.0,4.01,unrated,,30,640x480,RealSense D435i,Catherine,Fly Space,1_recordings/2025-05-28_21-09-26/raw_recording.mp4,no,
2025-05-28_21-09-26,2025-05-28_21-09-26_glide_002.mp4,glide,4.01,8.01,unrated,,30,640x480,RealSense D435i,Catherine,Fly Space,1_recordings/2025-05-28_21-09-26/raw_recording.mp4,no,
2025-05-28_21-09-26,2025-05-28_21-09-26_glide_003.mp4,glide,8.01,12.01,unrated,,30,640x480,RealSense D435i,Catherine,Fly Space,1_recordings/2025-05-28_21-09-26/raw_recording.mp4,no,
2025-05-28_21-09-26,2025-05-28_21-09-26_glide_004.mp4,glide,12.01,16.02,unrated,,30,640x480,RealSense D435i,Catherine,Fly Space,1_recordings/2025-05-28_21-09-26/raw_recording.mp4,yes,
2025-05-28_21-09-26,2025-05-28_21-09-26_glide_005.mp4,glide,16.02,20.02,unrated,,30,640x480,RealSense D435i,Catherine,Fly Space,1_recordings/2025-05-28_21-09-26/raw_recording.mp4,yes,
2025-05-28_21-09-26,2025-05-28_21-09-26_glide_006.mp4,glide,20.02,24.02,unrated,,30,640x480,RealSense D435i,Catherine,Fly Space,1_recordings/2025-05-28_21-09-26/raw_recording.mp4,yes,
2025-05-28_21-09-26,2025-05-28_21-09-26_glide_007.mp4,glide,24.02,28.02,unrated,,30,640x480,RealSense D435i,Catherine,Fly Space,1_recordings/2025-05-28_21-09-26/raw_recording.mp4,no,
2025-05-28_21-09-26,2025-05-28_21-09-26_glide_008.mp4,glide,28.02,32.03,unrated,,30,640x480,RealSense D435i,Catherine,Fly Space,1_recordings/2025-05-28_21-09-26/raw_recording.mp4,yes,
2025-05-28_21-09-26,2025-05-28_21-09-26_glide_009.mp4,glide,32.03,36.03,unrated,,30,640x480,RealSense D435i,Catherine,Fly Space,1_recordings/2025-05-28_21-09-26/raw_recording.mp4,yes,
2025-05-28_21-09-26,2025-05-28_21-09-26_glide_010.mp4,glide,36.03,40.03,unrated,,30,640x480,RealSense D435i,Catherine,Fly Space,1_recordings/2025-05-28_21-09-26/raw_recording.mp4,yes,
2025-05-28_21-09-26,2025-05-28_21-09-26_slash_011.mp4,slash,40.03,44.04,unrated,,30,640x480,RealSense D435i,Catherine,Fly Space,1_recordings/2025-05-28_21-09-26/raw_recording.mp4,no,
2025-05-28_21-09-26,2025-05-28_21-09-26_slash_012.mp4,slash,44.04,48.04,unrated,,30,640x480,RealSense D435i,Catherine,Fly Space,1_recordings/2025-05-28_21-09-26/raw_recording.mp4,yes,
2025-05-28_21-09-26,2025-05-28_21-09-26_slash_013.mp4,slash,48.04,52.04,unrated,,30,640x480,RealSense D435i,Catherine,Fly Space,1_recordings/2025-05-28_21-09-26/raw_recording.mp4,yes,
2025-05-28_21-09-26,2025-05-28_21-09-26_slash_014.mp4,slash,52.04,56.04,unrated,,30,640x480,RealSense D435i,Catherine,Fly Space,1_recordings/2025-05-28_21-09-26/raw_recording.mp4,yes,
2025-05-28_21-09-26,2025-05-28_21-09-26_slash_015.mp4,slash,56.04,60.05,unrated,,30,640x480,RealSense D435i,Catherine,Fly Space,1_recordings/2025-05-28_21-09-26/raw_recording.mp4,yes,
2025-05-28_21-09-26,2025-05-28_21-09-26_slash_016.mp4,slash,60.05,64.05,unrated,,30,640x480,RealSense D435i,Catherine,Fly Space,1_recordings/2025-05-28_21-09-26/raw_recording.mp4,yes,
2025-05-28_21-09-26,2025-05-28_21-09-26_slash_017.mp4,slash,64.05,68.05,unrated,,30,640x480,RealSense D435i,Catherine,Fly Space,1_recordings/2025-05-28_21-09-26/raw_recording.mp4,no,
2025-05-28_21-09-26,2025-05-28_21-09-26_slash_018.mp4,slash,68.05,72.06,unrated,,30,640x480,RealSense D435i,Catherine,Fly Space,1_recordings/2025-05-28_21-09-26/raw_recording.mp4,no,
2025-05-28_21-09-26,2025-05-28_21-09-26_slash_019.mp4,slash,72.06,76.06,unrated,,30,640x480,RealSense D435i,Catherine,Fly Space,1_recordings/2025-05-28_21-09-26/raw_recording.mp4,yes,
2025-05-28_21-09-26,2025-05-28_21-09-26_slash_020.mp4,slash,76.06,80.06,unrated,,30,640x480,RealSense D435i,Catherine,Fly Space,1_recordings/2025-05-28_21-09-26/raw_recording.mp4,yes,
2025-05-28_21-10-52,2025-05-28_21-10-52_glide_001.mp4,glide,0.0,4.01,unrated,,30,640x480,RealSense D435i,Catherine,Fly Space,1_recordings/2025-05-28_21-10-52/raw_recording.mp4,no,
2025-05-28_21-10-52,2025-05-28_21-10-52_glide_002.mp4,glide,4.01,8.01,unrated,,30,640x480,RealSense D435i,Catherine,Fly Space,1_recordings/2025-05-28_21-10-52/raw_recording.mp4,no,
2025-05-28_21-10-52,2025-05-28_21-10-52_glide_003.mp4,glide,8.01,12.01,unrated,,30,640x480,RealSense D435i,Catherine,Fly Space,1_recordings/2025-05-28_21-10-52/raw_recording.mp4,yes,
2025-05-28_21-10-52,2025-05-28_21-10-52_glide_004.mp4,glide,12.01,16.02,unrated,,30,640x480,RealSense D435i,Catherine,Fly Space,1_recordings/2025-05-28_21-10-52/raw_recording.mp4,yes,
2025-05-28_21-10-52,2025-05-28_21-10-52_glide_005.mp4,glide,16.02,20.02,unrated,,30,640x480,RealSense D435i,Catherine,Fly Space,1_recordings/2025-05-28_21-10-52/raw_recording.mp4,yes,
2025-05-28_21-10-52,2025-05-28_21-10-52_glide_006.mp4,glide,20.02,24.02,unrated,,30,640x480,RealSense D435i,Catherine,Fly Space,1_recordings/2025-05-28_21-10-52/raw_recording.mp4,yes,
2025-05-28_21-10-52,2025-05-28_21-10-52_glide_007.mp4,glide,24.02,28.02,unrated,,30,640x480,RealSense D435i,Catherine,Fly Space,1_recordings/2025-05-28_21-10-52/raw_recording.mp4,yes,
2025-05-28_21-10-52,2025-05-28_21-10-52_glide_008.mp4,glide,28.03,32.03,unrated,,30,640x480,RealSense D435i,Catherine,Fly Space,1_recordings/2025-05-28_21-10-52/raw_recording.mp4,yes,
2025-05-28_21-10-52,2025-05-28_21-10-52_glide_009.mp4,glide,32.03,36.03,unrated,,30,640x480,RealSense D435i,Catherine,Fly Space,1_recordings/2025-05-28_21-10-52/raw_recording.mp4,yes,
2025-05-28_21-10-52,2025-05-28_21-10-52_glide_010.mp4,glide,36.03,40.03,unrated,,30,640x480,RealSense D435i,Catherine,Fly Space,1_recordings/2025-05-28_21-10-52/raw_recording.mp4,yes,
2025-05-28_21-10-52,2025-05-28_21-10-52_slash_011.mp4,slash,40.03,44.04,unrated,,30,640x480,RealSense D435i,Catherine,Fly Space,1_recordings/2025-05-28_21-10-52/raw_recording.mp4,yes,
2025-05-28_21-10-52,2025-05-28_21-10-52_slash_012.mp4,slash,44.04,48.04,unrated,,30,640x480,RealSense D435i,Catherine,Fly Space,1_recordings/2025-05-28_21-10-52/raw_recording.mp4,yes,
2025-05-28_21-10-52,2025-05-28_21-10-52_slash_013.mp4,slash,48.04,52.04,unrated,,30,640x480,RealSense D435i,Catherine,Fly Space,1_recordings/2025-05-28_21-10-52/raw_recording.mp4,yes,
2025-05-28_21-10-52,2025-05-28_21-10-52_slash_014.mp4,slash,52.04,56.04,unrated,,30,640x480,RealSense D435i,Catherine,Fly Space,1_recordings/2025-05-28_21-10-52/raw_recording.mp4,yes,
2025-05-28_21-10-52,2025-05-28_21-10-52_slash_015.mp4,slash,56.05,60.05,unrated,,30,640x480,RealSense D435i,Catherine,Fly Space,1_recordings/2025-05-28_21-10-52/raw_recording.mp4,yes,
2025-05-28_21-10-52,2025-05-28_21-10-52_slash_016.mp4,slash,60.05,64.05,unrated,,30,640x480,RealSense D435i,Catherine,Fly Space,1_recordings/2025-05-28_21-10-52/raw_recording.mp4,yes,
2025-05-28_21-10-52,2025-05-28_21-10-52_slash_017.mp4,slash,64.05,68.05,unrated,,30,640x480,RealSense D435i,Catherine,Fly Space,1_recordings/2025-05-28_21-10-52/raw_recording.mp4,yes,
2025-05-28_21-10-52,2025-05-28_21-10-52_slash_018.mp4,slash,68.05,72.06,unrated,,30,640x480,RealSense D435i,Catherine,Fly Space,1_recordings/2025-05-28_21-10-52/raw_recording.mp4,yes,
2025-05-28_21-10-52,2025-05-28_21-10-52_slash_019.mp4,slash,72.06,76.06,unrated,,30,640x480,RealSense D435i,Catherine,Fly Space,1_recordings/2025-05-28_21-10-52/raw_recording.mp4,yes,
2025-05-28_21-10-52,2025-05-28_21-10-52_slash_020.mp4,slash,76.06,80.06,unrated,,30,640x480,RealSense D435i,Catherine,Fly Space,1_recordings/2025-05-28_21-10-52/raw_recording.mp4,yes,
2025-05-28_21-12-18,2025-05-28_21-12-18_glide_001.mp4,glide,0.0,4.01,unrated,,30,640x480,RealSense D435i,Catherine,Fly Space,1_recordings/2025-05-28_21-12-18/raw_recording.mp4,no,
2025-05-28_21-12-18,2025-05-28_21-12-18_glide_002.mp4,glide,4.01,8.01,unrated,,30,640x480,RealSense D435i,Catherine,Fly Space,1_recordings/2025-05-28_21-12-18/raw_recording.mp4,no,
2025-05-28_21-12-18,2025-05-28_21-12-18_glide_003.mp4,glide,8.01,12.01,unrated,,30,640x480,RealSense D435i,Catherine,Fly Space,1_recordings/2025-05-28_21-12-18/raw_recording.mp4,yes,
2025-05-28_21-12-18,2025-05-28_21-12-18_glide_004.mp4,glide,12.01,16.01,unrated,,30,640x480,RealSense D435i,Catherine,Fly Space,1_recordings/2025-05-28_21-12-18/raw_recording.mp4,yes,
2025-05-28_21-12-18,2025-05-28_21-12-18_glide_005.mp4,glide,16.01,20.02,unrated,,30,640x480,RealSense D435i,Catherine,Fly Space,1_recordings/2025-05-28_21-12-18/raw_recording.mp4,no,
2025-05-28_21-12-18,2025-05-28_21-12-18_glide_006.mp4,glide,20.02,24.02,unrated,,30,640x480,RealSense D435i,Catherine,Fly Space,1_recordings/2025-05-28_21-12-18/raw_recording.mp4,yes,
2025-05-28_21-12-18,2025-05-28_21-12-18_glide_007.mp4,glide,24.02,28.02,unrated,,30,640x480,RealSense D435i,Catherine,Fly Space,1_recordings/2025-05-28_21-12-18/raw_recording.mp4,yes,
2025-05-28_21-12-18,2025-05-28_21-12-18_glide_008.mp4,glide,28.02,32.03,unrated,,30,640x480,RealSense D435i,Catherine,Fly Space,1_recordings/2025-05-28_21-12-18/raw_recording.mp4,yes,
2025-05-28_21-12-18,2025-05-28_21-12-18_glide_009.mp4,glide,32.03,36.03,unrated,,30,640x480,RealSense D435i,Catherine,Fly Space,1_recordings/2025-05-28_21-12-18/raw_recording.mp4,yes,
2025-05-28_21-12-18,2025-05-28_21-12-18_glide_010.mp4,glide,36.03,40.03,unrated,,30,640x480,RealSense D435i,Catherine,Fly Space,1_recordings/2025-05-28_21-12-18/raw_recording.mp4,yes,
2025-05-28_21-12-18,2025-05-28_21-12-18_slash_011.mp4,slash,40.03,44.04,unrated,,30,640x480,RealSense D435i,Catherine,Fly Space,1_recordings/2025-05-28_21-12-18/raw_recording.mp4,yes,
2025-05-28_21-12-18,2025-05-28_21-12-18_slash_012.mp4,slash,44.04,48.04,unrated,,30,640x480,RealSense D435i,Catherine,Fly Space,1_recordings/2025-05-28_21-12-18/raw_recording.mp4,yes,
2025-05-28_21-12-18,2025-05-28_21-12-18_slash_013.mp4,slash,48.04,52.04,unrated,,30,640x480,RealSense D435i,Catherine,Fly Space,1_recordings/2025-05-28_21-12-18/raw_recording.mp4,yes,
2025-05-28_21-12-18,2025-05-28_21-12-18_slash_014.mp4,slash,52.04,56.04,unrated,,30,640x480,RealSense D435i,Catherine,Fly Space,1_recordings/2025-05-28_21-12-18/raw_recording.mp4,yes,
2025-05-28_21-12-18,2025-05-28_21-12-18_slash_015.mp4,slash,56.04,60.05,unrated,,30,640x480,RealSense D435i,Catherine,Fly Space,1_recordings/2025-05-28_21-12-18/raw_recording.mp4,yes,
2025-05-28_21-12-18,2025-05-28_21-12-18_slash_016.mp4,slash,60.05,64.05,unrated,,30,640x480,RealSense D435i,Catherine,Fly Space,1_recordings/2025-05-28_21-12-18/raw_recording.mp4,yes,
2025-05-28_21-12-18,2025-05-28_21-12-18_slash_017.mp4,slash,64.05,68.05,unrated,,30,640x480,RealSense D435i,Catherine,Fly Space,1_recordings/2025-05-28_21-12-18/raw_recording.mp4,yes,
2025-05-28_21-12-18,2025-05-28_21-12-18_slash_018.mp4,slash,68.05,72.06,unrated,,30,640x480,RealSense D435i,Catherine,Fly Space,1_recordings/2025-05-28_21-12-18/raw_recording.mp4,yes,
2025-05-28_21-12-18,2025-05-28_21-12-18_slash_019.mp4,slash,72.06,76.06,unrated,,30,640x480,RealSense D435i,Catherine,Fly Space,1_recordings/2025-05-28_21-12-18/raw_recording.mp4,yes,
2025-05-28_21-12-18,2025-05-28_21-12-18_slash_020.mp4,slash,76.06,80.06,unrated,,30,640x480,RealSense D435i,Catherine,Fly Space,1_recordings/2025-05-28_21-12-18/raw_recording.mp4,yes,
2025-05-28_22-04-45,2025-05-28_22-04-45_glide_001.mp4,glide,0.0,4.01,unrated,,30,640x480,RealSense D435i,Catherine,Fly Space,1_recordings/2025-05-28_22-04-45/raw_recording.mp4,record_with_timer,
2025-05-28_22-04-45,2025-05-28_22-04-45_glide_002.mp4,glide,4.01,8.01,unrated,,30,640x480,RealSense D435i,Catherine,Fly Space,1_recordings/2025-05-28_22-04-45/raw_recording.mp4,record_with_timer,
2025-05-28_22-04-45,2025-05-28_22-04-45_glide_003.mp4,glide,8.01,12.01,unrated,,30,640x480,RealSense D435i,Catherine,Fly Space,1_recordings/2025-05-28_22-04-45/raw_recording.mp4,record_with_timer,
2025-05-28_22-04-45,2025-05-28_22-04-45_glide_004.mp4,glide,12.01,16.02,unrated,,30,640x480,RealSense D435i,Catherine,Fly Space,1_recordings/2025-05-28_22-04-45/raw_recording.mp4,record_with_timer,
2025-05-28_22-04-45,2025-05-28_22-04-45_glide_005.mp4,glide,16.02,20.02,unrated,,30,640x480,RealSense D435i,Catherine,Fly Space,1_recordings/2025-05-28_22-04-45/raw_recording.mp4,record_with_timer,
2025-05-28_22-04-45,2025-05-28_22-04-45_glide_006.mp4,glide,20.02,24.02,unrated,,30,640x480,RealSense D435i,Catherine,Fly Space,1_recordings/2025-05-28_22-04-45/raw_recording.mp4,record_with_timer,
2025-05-28_22-06-27,2025-05-28_22-06-27_glide_001.mp4,glide,0.0,4.01,unrated,,30,640x480,RealSense D435i,Catherine,Fly Space,1_recordings/2025-05-28_22-06-27/raw_recording.mp4,no,
2025-05-28_22-06-27,2025-05-28_22-06-27_glide_002.mp4,glide,4.01,8.01,unrated,,30,640x480,RealSense D435i,Catherine,Fly Space,1_recordings/2025-05-28_22-06-27/raw_recording.mp4,no,
2025-05-28_22-06-27,2025-05-28_22-06-27_glide_003.mp4,glide,8.01,12.01,unrated,,30,640x480,RealSense D435i,Catherine,Fly Space,1_recordings/2025-05-28_22-06-27/raw_recording.mp4,no,
2025-05-28_22-06-27,2025-05-28_22-06-27_glide_004.mp4,glide,12.01,16.02,unrated,,30,640x480,RealSense D435i,Catherine,Fly Space,1_recordings/2025-05-28_22-06-27/raw_recording.mp4,no,
2025-05-28_22-06-27,2025-05-28_22-06-27_glide_005.mp4,glide,16.02,20.02,unrated,,30,640x480,RealSense D435i,Catherine,Fly Space,1_recordings/2025-05-28_22-06-27/raw_recording.mp4,no,
2025-05-28_22-06-27,2025-05-28_22-06-27_glide_006.mp4,glide,20.02,24.02,unrated,,30,640x480,RealSense D435i,Catherine,Fly Space,1_recordings/2025-05-28_22-06-27/raw_recording.mp4,yes,
2025-05-28_22-06-27,2025-05-28_22-06-27_glide_007.mp4,glide,24.02,28.02,unrated,,30,640x480,RealSense D435i,Catherine,Fly Space,1_recordings/2025-05-28_22-06-27/raw_recording.mp4,yes,
2025-05-28_22-06-27,2025-05-28_22-06-27_glide_008.mp4,glide,28.02,32.03,unrated,,30,640x480,RealSense D435i,Catherine,Fly Space,1_recordings/2025-05-28_22-06-27/raw_recording.mp4,yes,
2025-05-28_22-06-27,2025-05-28_22-06-27_glide_009.mp4,glide,32.03,36.03,unrated,,30,640x480,RealSense D435i,Catherine,Fly Space,1_recordings/2025-05-28_22-06-27/raw_recording.mp4,yes,
2025-05-28_22-06-27,2025-05-28_22-06-27_glide_010.mp4,glide,36.03,40.03,unrated,,30,640x480,RealSense D435i,Catherine,Fly Space,1_recordings/2025-05-28_22-06-27/raw_recording.mp4,yes,
2025-05-28_22-06-27,2025-05-28_22-06-27_glide_011.mp4,glide,40.03,44.04,unrated,,30,640x480,RealSense D435i,Catherine,Fly Space,1_recordings/2025-05-28_22-06-27/raw_recording.mp4,yes,
2025-05-28_22-06-27,2025-05-28_22-06-27_glide_012.mp4,glide,44.04,48.04,unrated,,30,640x480,RealSense D435i,Catherine,Fly Space,1_recordings/2025-05-28_22-06-27/raw_recording.mp4,yes,
2025-05-28_22-06-27,2025-05-28_22-06-27_glide_013.mp4,glide,48.04,52.04,unrated,,30,640x480,RealSense D435i,Catherine,Fly Space,1_recordings/2025-05-28_22-06-27/raw_recording.mp4,yes,
2025-05-28_22-06-27,2025-05-28_22-06-27_glide_014.mp4,glide,52.04,56.04,unrated,,30,640x480,RealSense D435i,Catherine,Fly Space,1_recordings/2025-05-28_22-06-27/raw_recording.mp4,yes,
2025-05-28_22-06-27,2025-05-28_22-06-27_glide_015.mp4,glide,56.04,60.05,unrated,,30,640x480,RealSense D435i,Catherine,Fly Space,1_recordings/2025-05-28_22-06-27/raw_recording.mp4,yes,
2025-05-28_22-06-27,2025-05-28_22-06-27_glide_016.mp4,glide,60.05,64.05,unrated,,30,640x480,RealSense D435i,Catherine,Fly Space,1_recordings/2025-05-28_22-06-27/raw_recording.mp4,yes,
2025-05-28_22-06-27,2025-05-28_22-06-27_glide_017.mp4,glide,64.05,68.05,unrated,,30,640x480,RealSense D435i,Catherine,Fly Space,1_recordings/2025-05-28_22-06-27/raw_recording.mp4,yes,
2025-05-28_22-06-27,2025-05-28_22-06-27_glide_018.mp4,glide,68.05,72.06,unrated,,30,640x480,RealSense D435i,Catherine,Fly Space,1_recordings/2025-05-28_22-06-27/raw_recording.mp4,yes,
2025-05-28_22-06-27,2025-05-28_22-06-27_glide_019.mp4,glide,72.06,76.06,unrated,,30,640x480,RealSense D435i,Catherine,Fly Space,1_recordings/2025-05-28_22-06-27/raw_recording.mp4,no,
2025-05-28_22-06-27,2025-05-28_22-06-27_glide_020.mp4,glide,76.06,80.06,unrated,,30,640x480,RealSense D435i,Catherine,Fly Space,1_recordings/2025-05-28_22-06-27/raw_recording.mp4,no,
2025-05-28_22-06-27,2025-05-28_22-06-27_slash_021.mp4,slash,80.06,84.07,unrated,,30,640x480,RealSense D435i,Catherine,Fly Space,1_recordings/2025-05-28_22-06-27/raw_recording.mp4,yes,
2025-05-28_22-06-27,2025-05-28_22-06-27_slash_022.mp4,slash,84.07,88.07,unrated,,30,640x480,RealSense D435i,Catherine,Fly Space,1_recordings/2025-05-28_22-06-27/raw_recording.mp4,yes,
2025-05-28_22-06-27,2025-05-28_22-06-27_slash_023.mp4,slash,88.07,92.07,unrated,,30,640x480,RealSense D435i,Catherine,Fly Space,1_recordings/2025-05-28_22-06-27/raw_recording.mp4,yes,
2025-05-28_22-06-27,2025-05-28_22-06-27_slash_024.mp4,slash,92.07,96.07,unrated,,30,640x480,RealSense D435i,Catherine,Fly Space,1_recordings/2025-05-28_22-06-27/raw_recording.mp4,yes,
2025-05-28_22-06-27,2025-05-28_22-06-27_slash_025.mp4,slash,96.07,100.08,unrated,,30,640x480,RealSense D435i,Catherine,Fly Space,1_recordings/2025-05-28_22-06-27/raw_recording.mp4,yes,
2025-05-28_22-06-27,2025-05-28_22-06-27_slash_026.mp4,slash,100.08,104.08,unrated,,30,640x480,RealSense D435i,Catherine,Fly Space,1_recordings/2025-05-28_22-06-27/raw_recording.mp4,yes,
2025-05-28_22-06-27,2025-05-28_22-06-27_slash_027.mp4,slash,104.08,108.08,unrated,,30,640x480,RealSense D435i,Catherine,Fly Space,1_recordings/2025-05-28_22-06-27/raw_recording.mp4,yes,
2025-05-28_22-06-27,2025-05-28_22-06-27_slash_028.mp4,slash,108.08,112.09,unrated,,30,640x480,RealSense D435i,Catherine,Fly Space,1_recordings/2025-05-28_22-06-27/raw_recording.mp4,yes,
2025-05-28_22-06-27,2025-05-28_22-06-27_slash_029.mp4,slash,112.09,116.09,unrated,,30,640x480,RealSense D435i,Catherine,Fly Space,1_recordings/2025-05-28_22-06-27/raw_recording.mp4,yes,
2025-05-28_22-06-27,2025-05-28_22-06-27_slash_030.mp4,slash,116.09,120.09,unrated,,30,640x480,RealSense D435i,Catherine,Fly Space,1_recordings/2025-05-28_22-06-27/raw_recording.mp4,yes,
2025-05-28_22-06-27,2025-05-28_22-06-27_slash_031.mp4,slash,120.09,124.09,unrated,,30,640x480,RealSense D435i,Catherine,Fly Space,1_recordings/2025-05-28_22-06-27/raw_recording.mp4,yes,
2025-05-28_22-06-27,2025-05-28_22-06-27_slash_032.mp4,slash,124.09,128.1,unrated,,30,640x480,RealSense D435i,Catherine,Fly Space,1_recordings/2025-05-28_22-06-27/raw_recording.mp4,yes,
2025-05-28_22-06-27,2025-05-28_22-06-27_slash_033.mp4,slash,128.1,132.1,unrated,,30,640x480,RealSense D435i,Catherine,Fly Space,1_recordings/2025-05-28_22-06-27/raw_recording.mp4,yes,
2025-05-28_22-06-27,2025-05-28_22-06-27_slash_034.mp4,slash,132.1,136.1,unrated,,30,640x480,RealSense D435i,Catherine,Fly Space,1_recordings/2025-05-28_22-06-27/raw_recording.mp4,yes,
2025-05-28_22-06-27,2025-05-28_22-06-27_slash_035.mp4,slash,136.1,140.11,unrated,,30,640x480,RealSense D435i,Catherine,Fly Space,1_recordings/2025-05-28_22-06-27/raw_recording.mp4,yes,
2025-05-28_22-06-27,2025-05-28_22-06-27_slash_036.mp4,slash,140.11,144.11,unrated,,30,640x480,RealSense D435i,Catherine,Fly Space,1_recordings/2025-05-28_22-06-27/raw_recording.mp4,yes,
2025-05-28_22-06-27,2025-05-28_22-06-27_slash_037.mp4,slash,144.11,148.11,unrated,,30,640x480,RealSense D435i,Catherine,Fly Space,1_recordings/2025-05-28_22-06-27/raw_recording.mp4,yes,
2025-05-28_22-06-27,2025-05-28_22-06-27_slash_038.mp4,slash,148.11,152.11,unrated,,30,640x480,RealSense D435i,Catherine,Fly Space,1_recordings/2025-05-28_22-06-27/raw_recording.mp4,yes,
2025-05-28_22-06-27,2025-05-28_22-06-27_slash_039.mp4,slash,152.11,156.12,unrated,,30,640x480,RealSense D435i,Catherine,Fly Space,1_recordings/2025-05-28_22-06-27/raw_recording.mp4,yes,
2025-05-28_22-06-27,2025-05-28_22-06-27_slash_040.mp4,slash,156.12,160.12,unrated,,30,640x480,RealSense D435i,Catherine,Fly Space,1_recordings/2025-05-28_22-06-27/raw_recording.mp4,yes,
