source,label,mean_velocity,max_velocity,std_velocity,mean_acceleration,max_acceleration,std_acceleration,mean_jerk,max_jerk,std_jerk,range_x_right_wrist,range_y_right_wrist,range_x_left_ankle,range_y_left_ankle,range_x_right_ankle,range_y_right_ankle,timestamp
2025-05-18_22-35-34_float_005,float,1.5447529621915277,4.106531003558356,0.7756878274755041,20.57327015288746,58.07446665841403,10.6108306403201,352.0573240978192,1067.7383429888578,191.92177350903808,0.1496504992246627,0.3378074467182159,0.0203052908182144,0.0179924964904785,0.1623033098876476,0.1170962452888488,2025-05-18_22-35-34
2025-05-18_22-35-34_float_006,float,1.2661955628572106,3.348251395849087,0.5661148056155219,16.940755977448983,38.806556967958805,7.1776634929888425,281.3489995122468,684.4913943439533,119.02541077863846,0.1633357107639312,0.2694399058818817,0.016825720667839,0.0204500555992126,0.1308522373437881,0.0889233946800232,2025-05-18_22-35-34
2025-05-18_22-35-34_punch_006,punch,2.496388575473714,8.206963841314577,1.679673174086861,32.10902388094753,87.21823071841447,20.40567783707148,545.8172630098753,1602.895508834756,324.605256037828,0.0730510205030441,0.0873565673828125,0.0736034512519836,0.1041803359985351,0.0462733805179595,0.0851597785949707,2025-05-18_22-35-34
2025-05-18_22-35-34_punch_010,punch,2.007286309129508,6.01824985274592,1.2594760936753449,23.853087539986134,55.16379512839909,13.261589333166963,381.2547051231197,945.7981338266114,211.42436877106292,0.0114555805921554,0.0360612273216247,0.0338609218597412,0.0662900209426879,0.0343722105026245,0.0406209826469421,2025-05-18_22-35-34
2025-05-18_22-35-34_punch_005,punch,2.1974495290487344,6.892442192412247,1.4170199645400563,27.113081816751077,88.02777518321668,15.783999447568352,425.612485095126,1583.7322321571637,258.85770041633896,0.0479589849710464,0.0172376036643981,0.0482643246650695,0.096186876296997,0.0217192471027374,0.0467045903205871,2025-05-18_22-35-34
2025-05-18_22-35-34_punch_009,punch,2.0042911680950324,6.328394693551562,1.3836414110266908,26.225156378800374,88.50709507578483,16.465051971902028,437.6208051115559,1205.0877888463624,266.5866775647689,0.0271966606378555,0.1088471412658691,0.0509098917245864,0.0620932579040527,0.0456230789422988,0.0463407635688781,2025-05-18_22-35-34
2025-05-18_22-35-34_float_009,float,1.6368930623180713,3.966525725342231,0.8375563532252659,21.7709407167262,46.15596518544501,10.17997885324324,346.76762505904804,830.3067714502677,170.4835252449349,0.161684900522232,0.3602843582630157,0.0276772826910018,0.0228687524795532,0.1622331105172634,0.1304925680160522,2025-05-18_22-35-34
2025-05-18_22-35-34_float_003,float,1.4220238126359397,4.284499928640259,0.8661367600128871,18.86194525088051,53.296718139850064,10.263265899833751,300.82082529383695,838.4489646401487,163.82662021025524,0.1567341834306717,0.3179598152637481,0.0128858685493469,0.0239032506942749,0.158657968044281,0.0918787121772766,2025-05-18_22-35-34
2025-05-18_22-35-34_punch_007,punch,2.593187796970977,9.296685295933148,1.5747823876549734,34.752731868145155,94.93823101346275,21.278639955379774,537.6563727888857,1532.1331249547484,299.6020453262664,0.0525167733430862,0.0887969732284545,0.0514772534370422,0.0961816906929016,0.0391890108585357,0.0779119729995727,2025-05-18_22-35-34
2025-05-18_22-35-34_punch_001,punch,1.8129390598871,5.714042250327621,0.95124046675109,22.11077571747269,98.7366797561078,15.27689373220343,355.88934867395284,1015.9027020191704,188.90509845690107,0.0250578969717025,0.0316773056983947,0.0162518322467803,0.0297148823738098,0.0499720424413681,0.0359097719192504,2025-05-18_22-35-34
2025-05-18_22-35-34_float_008,float,1.6277131415505308,3.980784921298256,0.908288389318702,21.02750129116515,65.64762663979049,12.378357493403472,359.3707587232642,969.0062521336328,202.3720273310249,0.1522220224142074,0.2985007166862488,0.0244397521018981,0.0146593451499938,0.1688661910593509,0.1174811124801635,2025-05-18_22-35-34
2025-05-18_22-35-34_punch_002,punch,2.021879991182596,6.6499639349876505,1.3338705808112987,27.75846562263418,91.40648653717663,18.07134796118206,455.61265550517714,1554.8958720240587,293.3387610648115,0.0794767290353775,0.0121547579765319,0.0983739644289016,0.0830406546592712,0.0386244505643844,0.041476547718048,2025-05-18_22-35-34
2025-05-18_22-35-34_float_010,float,1.6010365573611536,4.473554979306976,0.7729267709714029,20.686434283266244,55.665173955976464,11.710292036762718,318.5826980210543,1043.9562948959244,166.56333214192534,0.1504516452550888,0.3636440932750702,0.0242924392223358,0.0201523303985595,0.1688236482441425,0.1423743367195129,2025-05-18_22-35-34
2025-05-18_22-35-34_float_004,float,1.8958669224444047,5.614506266588157,0.9871134273645316,24.72117303851589,80.73661245879346,12.967813441316476,398.7952734510573,1320.9217186778792,203.77920848076,0.1737414300441742,0.3719362020492553,0.0205498933792114,0.0278845429420471,0.1835924461483955,0.1259300112724304,2025-05-18_22-35-34
2025-05-18_22-35-34_punch_004,punch,2.104403738334306,5.011076242995027,1.0706972892390425,24.847588639334194,59.003410158412535,13.252005076626084,417.7102402594076,1098.253905603205,230.15381219660327,0.0254022181034088,0.016823410987854,0.0576498061418533,0.105080246925354,0.0267170965671539,0.0421338677406311,2025-05-18_22-35-34
2025-05-19_19-36-26_float_006,float,1.3454086728059351,3.996108977116029,0.7062810899909204,16.291167908133595,48.20881642597155,8.57224537840789,265.32242616369865,578.7345799480078,122.72027426556546,0.1185874044895172,0.2262913584709167,0.0035955607891082,0.006083607673645,0.1022598445415496,0.0888002514839172,2025-05-19_19-36-26
2025-05-19_19-36-26_float_005,float,1.3899921931391606,6.14887200513726,1.1121014245328955,20.754264861876194,58.02719439087031,13.397220651205746,352.58276889064484,1154.7698719533048,227.5110401565536,0.1161710023880004,0.2085776031017303,0.0073703229427337,0.0071163177490234,0.1054341197013855,0.0981843471527099,2025-05-19_19-36-26
2025-05-19_19-36-26_float_004,float,1.170922705020896,4.012371635923177,0.6741192106236537,16.525013129436267,47.64115052739013,9.427659324751405,287.3035467396056,910.2688897270748,159.63120163765845,0.1183733344078064,0.2158867716789245,0.0071291327476501,0.003944993019104,0.096926212310791,0.0928435921669006,2025-05-19_19-36-26
2025-05-19_19-36-26_punch_011,punch,1.3040815029997783,3.8649878751544215,0.7247809779132919,20.029419485080915,59.344532412895575,12.15161779900584,359.6816073158283,1081.910083546694,220.81372560939184,0.0359917283058166,0.1434604525566101,0.0049575567245483,0.0058286190032958,0.0720239579677581,0.1186773777008056,2025-05-19_19-36-26
2025-05-19_19-36-26_punch_014,punch,2.0253950657664928,6.790837232623558,1.2014004220553671,29.887805988581388,85.14969843809251,15.88750918179453,500.20454931941975,1469.3449434572958,282.3493737790541,0.0593774616718292,0.06703782081604,0.0552564263343811,0.0921477675437927,0.0194935798645019,0.0535608530044555,2025-05-19_19-36-26
2025-05-19_19-36-26_punch_013,punch,1.904730358986443,6.362470204115516,1.1459350684095644,25.64969977112043,84.40417446494584,16.12701021074374,439.24307217743046,1599.2012211491383,283.44028397993105,0.0457516610622406,0.0580860376358032,0.0389044880867004,0.0647608637809753,0.0184264183044433,0.0084773302078247,2025-05-19_19-36-26
2025-05-19_19-36-26_float_008,float,1.6361762419098824,9.129521553485196,1.4442332821034625,23.187240978581777,125.23657350812314,20.368307156727983,381.96942723121447,2179.952751732742,329.7229814760998,0.1201685070991516,0.2260996103286743,0.0049574375152587,0.0048982501029968,0.0983286499977111,0.0987154841423034,2025-05-19_19-36-26
2025-05-19_19-36-26_float_010,float,1.108202853567286,3.012294919509234,0.5396656012510604,14.692827446598155,40.95700996729487,6.774159061443942,235.09539200384944,515.0650358712517,92.04602361844404,0.0975060760974884,0.2208892405033111,0.0035003125667572,0.0092135667800903,0.0807191133499145,0.0599742531776428,2025-05-19_19-36-26
2025-05-19_19-36-26_punch_018,punch,2.011093702461355,5.026011905344185,0.9714914042265544,25.525920839998022,58.27200375851365,12.05626867707534,429.2155169501634,1000.1757913309556,210.5308835872415,0.0323033332824707,0.059373915195465,0.0419064760208129,0.0705560445785522,0.0273305475711822,0.0541967153549194,2025-05-19_19-36-26
2025-05-19_19-36-26_float_003,float,1.1896178819279295,3.115876177132307,0.7046871863604982,16.026377119272453,43.501299639382005,9.026435002673033,259.6818405288,726.2687845015298,148.92623445843935,0.0931312441825866,0.2286359369754791,0.0045486986637115,0.0050697326660156,0.0993823409080505,0.0741903185844421,2025-05-19_19-36-26
2025-05-19_19-36-26_punch_017,punch,2.254237686020278,7.972079022768,1.5828638483930353,31.18474583838312,92.5261526233113,20.412447627492767,528.1268342789823,1669.4859252058657,317.92411729283106,0.0044579207897186,0.0075124502182006,0.0447688400745391,0.0794842839241027,0.0161595046520233,0.0372651815414428,2025-05-19_19-36-26
2025-05-19_19-36-26_float_009,float,1.56848253606553,3.1818057654167147,0.7092796293503624,19.80072627489653,50.34978407597444,8.448634859709227,320.7520608778514,738.176025456649,132.27318336097892,0.113739401102066,0.1934909224510193,0.0070110857486724,0.006953477859497,0.0991600751876831,0.1112857460975647,2025-05-19_19-36-26
2025-05-19_19-36-26_punch_016,punch,1.8428193568053164,6.456703152260841,1.4284744823945816,25.29077213132938,90.08442125553752,18.771025847589726,417.4654105329722,1355.223749119307,326.50860135337257,0.0220047533512115,0.0403947830200195,0.0491560101509094,0.0785746574401855,0.0189052820205688,0.0321976542472839,2025-05-19_19-36-26
2025-05-19_19-36-26_punch_020,punch,2.589005876007308,20.48009455900404,3.0982126067152604,35.32517690811836,208.60703550149003,38.821260538534304,491.3169986314308,1858.139842442712,347.86622288995125,0.0327039062976837,0.0377193689346313,0.045778214931488,0.0555812716484069,0.012773722410202,0.0211694240570068,2025-05-19_19-36-26
2025-05-19_19-36-26_punch_012,punch,2.0295717308625374,5.741566448906104,1.161283103016349,26.32980643663892,73.19628804262906,15.367380644583228,416.3871788608835,1159.9338044886526,253.5667425001313,0.0371406376361846,0.0572729706764221,0.0460738241672515,0.0360191464424133,0.016493022441864,0.0127076506614685,2025-05-19_19-36-26
2025-05-19_19-36-26_punch_015,punch,2.256618626129462,9.059758182803831,1.6821013622954266,27.54529057754296,136.54303128774689,22.427540824929476,457.1948200031274,2175.014169691955,370.0991068866624,0.0552442669868469,0.0343908667564392,0.0533092617988586,0.0750717520713806,0.0132856667041778,0.0474886298179626,2025-05-19_19-36-26
2025-05-19_19-36-26_punch_019,punch,1.838265168990166,4.936642907717233,0.8830708261542144,24.72763866525839,55.59855460651702,12.476805425031245,416.41521336849615,923.1558537575404,217.7675402535976,0.0280916392803192,0.0488239526748657,0.0536081194877624,0.0602986812591552,0.0204054415225982,0.0388494133949279,2025-05-19_19-36-26
2025-05-19_19-36-26_float_007,float,1.5121869617181176,9.324134202608706,1.4050429098550623,20.591315199577377,88.64482611685865,15.66216070374195,303.30431222506274,1102.158842385366,185.44513178189197,0.1075549721717834,0.2167072594165802,0.004056304693222,0.0048474669456481,0.0812631845474243,0.1135731935501098,2025-05-19_19-36-26
2025-05-19_19-53-37_punch_015,punch,2.1423004355457045,6.356609714279587,1.3622571291571015,31.875701325618824,82.9474391401106,17.904452550423976,555.1609609723821,1466.4714568194972,294.76512573975845,0.0199485719203948,0.0590439438819885,0.0612655878067016,0.0436891913414001,0.0317360758781433,0.0495303273200988,2025-05-19_19-53-37
2025-05-19_19-53-37_float_007,float,1.1618209807365276,2.556709273852601,0.5474048842274513,14.082143850993443,31.89994748841738,6.932059078602447,223.28480221788067,552.8962627797908,111.25077630829352,0.1006629765033721,0.2334272563457489,0.0075389444828033,0.0018256902694702,0.1068246960639953,0.1039589643478393,2025-05-19_19-53-37
2025-05-19_19-53-37_punch_018,punch,2.121051074404902,5.604575917079387,1.174031573890582,29.98557247087496,63.6823174900809,15.700710171462037,484.29832103378817,1133.6959472658075,257.4386204116528,0.0191303491592407,0.057438850402832,0.0603974163532257,0.0485122203826904,0.0235624313354492,0.0320576429367065,2025-05-19_19-53-37
2025-05-19_19-53-37_float_003,float,1.3999991151162074,2.960769520112676,0.6202470392236993,19.500964207365858,45.90787649605599,9.846716977387784,339.89744731176285,737.1132143235156,174.5605113610076,0.103856086730957,0.2735067009925842,0.00648894906044,0.0119839310646057,0.0999663472175598,0.1039115786552429,2025-05-19_19-53-37
2025-05-19_19-53-37_punch_012,punch,1.919715285310252,5.136074631378013,0.9335532333152028,25.5262976106414,68.9929149785596,12.72205356354111,429.6435271877927,1093.329551044809,230.97842976435444,0.0386196374893188,0.0488906502723693,0.0430216193199157,0.0331243276596069,0.0170536339282989,0.0304028987884521,2025-05-19_19-53-37
2025-05-19_19-53-37_punch_014,punch,1.9017936495011167,5.266320709377629,0.9806581750035682,26.070936692287308,56.1835196794925,12.621289497278944,443.9369607417035,969.9031173321464,224.99100170277725,0.0240464210510253,0.0487746596336364,0.0705305337905883,0.0683034658432006,0.0154190063476562,0.0328563451766967,2025-05-19_19-53-37
2025-05-19_19-53-37_punch_013,punch,1.986213769846615,5.799573669377362,1.0254024551283163,26.27399722794096,71.33385448827146,14.338311542011247,431.9021749901998,1252.9846563643796,257.397591489026,0.0421712100505828,0.0850343704223632,0.0511796474456787,0.0490492582321167,0.0131981968879699,0.0252314209938049,2025-05-19_19-53-37
2025-05-19_19-53-37_float_002,float,1.1709981786786077,5.209478149184854,0.7793337969036318,16.041773381775577,45.81769910300817,8.715101082897009,260.03115149479066,629.6510247939726,118.10451433796976,0.1179392635822296,0.2433355748653412,0.011060744524002,0.0071198940277099,0.0934681296348571,0.1022403836250305,2025-05-19_19-53-37
2025-05-19_19-53-37_float_009,float,0.8891432522893794,3.421392686840444,0.5901899765086075,12.39041538382138,58.28823625699685,8.910071251012653,198.3547751797351,576.4676011875991,104.1370118550868,0.0405085086822509,0.2041819989681244,0.007130354642868,0.0066224932670593,0.0878525376319885,0.0887700915336608,2025-05-19_19-53-37
2025-05-19_19-53-37_punch_020,punch,2.1418282409764906,6.9952587282572924,1.4034437738795238,27.27522959836088,66.59625281549131,16.55610040816107,451.28398670011626,1210.3733604215856,265.2820405326499,0.0366059243679046,0.0463404655456543,0.0721790790557861,0.0462727546691894,0.0273562669754028,0.0234449505805969,2025-05-19_19-53-37
2025-05-19_19-53-37_punch_019,punch,1.9349617595441484,5.751727091825835,1.2201520024188115,26.793879216329724,62.46670219451572,13.517544349114283,443.1160426138095,1114.635805119882,221.72494325642268,0.0196965634822845,0.0548169016838073,0.0581318736076355,0.033028244972229,0.030674934387207,0.0291347503662109,2025-05-19_19-53-37
2025-05-19_19-53-37_float_004,float,1.6908369634451568,5.174101845075242,0.9756704900631942,25.02041241585663,92.89140786000434,15.803237203403029,428.9083663022583,1483.6957986163934,267.2593911904712,0.1279840171337127,0.2615914642810821,0.007754772901535,0.0107331871986389,0.0584204494953155,0.0808552503585815,2025-05-19_19-53-37
2025-05-19_19-53-37_punch_017,punch,2.351670153531283,5.827920590641254,1.226020252233192,32.14750685762008,82.48438581642071,16.470816928561636,521.2680152028004,1298.3212469956593,265.2228513436594,0.0159132480621337,0.0488721132278442,0.0576152801513671,0.0466964840888977,0.0357552766799926,0.0323967337608337,2025-05-19_19-53-37
2025-05-19_19-53-37_float_006,float,0.8572704842883713,1.6983027376273987,0.3948891959098384,10.633718426742051,22.87987491708044,4.760487684327961,175.90053875201676,405.645744459978,78.56867652856079,0.1178067028522491,0.1999075412750244,0.004684567451477,0.004865825176239,0.0460081398487091,0.0316208004951477,2025-05-19_19-53-37
2025-05-19_19-53-37_float_010,float,1.2943725053829116,4.59685163343095,0.987022094721398,18.391334956167658,72.40875371975227,14.217222160943772,297.13028610859203,1105.468825069389,242.18731399452912,0.0427057445049285,0.190978467464447,0.0090416669845581,0.0082166790962219,0.0762744843959808,0.0819129943847656,2025-05-19_19-53-37
2025-05-19_19-53-37_float_008,float,1.150456677385432,3.633960222734921,0.689002857951444,15.17921937850136,37.114464856035056,7.493426633718235,239.3471658978439,499.440627348034,102.42577214108144,0.0673444867134094,0.2411930561065673,0.009734570980072,0.004185140132904,0.1095354259014129,0.0975777506828308,2025-05-19_19-53-37
2025-05-19_19-53-37_punch_016,punch,1.7652962494637694,5.045254551740163,1.1135079093590128,23.4658020025491,59.8868445445041,14.354717721137725,402.4594076064268,983.5534618377504,238.0714874859381,0.0089536905288696,0.0351895689964294,0.0477339327335357,0.0573723316192626,0.0287432372570037,0.024261474609375,2025-05-19_19-53-37
2025-05-19_19-48-51_float_008,float,1.1521025047298348,4.317724922256453,0.7446537596728258,14.3757966684592,41.18009399392327,7.314335413609362,225.98008793276864,514.9605091250571,94.95776516346244,0.0595040023326873,0.1784287095069885,0.0072836875915527,0.0092806816101074,0.1011072695255279,0.0997866988182067,2025-05-19_19-48-51
2025-05-19_19-48-51_float_004,float,1.7378924693850528,8.514263016199127,1.43763941272357,24.68099459510028,87.04907687246711,17.713018044359934,396.4101645358438,1682.5488099048678,286.4392934919967,0.1358579993247985,0.2017975151538849,0.0050212442874908,0.0048227310180664,0.0553400814533233,0.0163190364837646,2025-05-19_19-48-51
2025-05-19_19-48-51_punch_019,punch,1.232487267067717,3.534354107356719,0.7718656849359291,16.38986111913445,52.493362620039925,11.157915508925496,268.1931741572531,997.9455236060644,189.31862559867537,0.0326735377311706,0.0093582868576049,0.0593527853488922,0.0334845781326293,0.0138379633426666,0.0207408666610717,2025-05-19_19-48-51
2025-05-19_19-48-51_float_003,float,0.9984166452955442,3.189136001688736,0.5946512042674359,14.27185655471255,53.24422061395889,9.534287962003845,252.93199878453137,901.6154979366096,163.5914598444799,0.0764605104923248,0.2185856103897094,0.0101266205310821,0.0061186552047729,0.0894606411457061,0.0697306394577026,2025-05-19_19-48-51
2025-05-19_19-48-51_float_005,float,0.9193920750749685,2.462244652981901,0.4825946142349538,11.788485703791777,37.909310367826144,6.787520896735764,184.4166120772463,431.5184548137752,94.63383704343728,0.1119787693023681,0.2022271454334259,0.0028379559516906,0.0035074353218078,0.0727160274982452,0.0339637398719787,2025-05-19_19-48-51
2025-05-19_19-48-51_float_007,float,0.9037775103401584,2.8088095071154893,0.4825446119356155,10.719917167421968,31.394838964025663,6.048899628322733,173.11416497632388,603.0574961975841,101.38647036391232,0.0917039811611175,0.1429983377456665,0.0063971877098083,0.0039387345314025,0.0912650227546691,0.051711082458496,2025-05-19_19-48-51
2025-05-19_19-48-51_float_002,float,1.0979127407260767,5.868963977233051,0.955636584934036,14.843834628254182,56.15858308764515,12.144112650661285,229.5091910539462,823.1768092231245,162.2769753878884,0.0781696140766143,0.2390576004981994,0.0083726048469543,0.0093199610710144,0.0980112552642822,0.0864313840866088,2025-05-19_19-48-51
2025-05-19_19-48-51_float_006,float,0.8941776994252046,3.581601836666197,0.557196830690277,12.582183074793289,47.97410731836061,9.16348012909533,225.2496353127227,880.9098356511315,154.9723959795694,0.0910267829895019,0.1448180675506591,0.0031712055206298,0.0047197341918945,0.0531837344169616,0.0171512365341186,2025-05-19_19-48-51
2025-05-19_19-48-51_float_010,float,1.1832676239370807,3.962574427785386,0.8329629144341666,17.314873768092227,67.46847031854129,13.172482622823132,284.58210169443964,1122.4240923099017,228.36525845267408,0.0632410049438476,0.1686729788780212,0.0092292726039886,0.0040937662124633,0.0939458608627319,0.0957334041595459,2025-05-19_19-48-51
2025-05-19_19-48-51_punch_020,punch,1.6813915387371885,4.657426097172344,0.9462608732271768,23.646661292283994,64.69642557276478,13.960350534012187,394.76030854920646,929.5002299240954,212.18867172781543,0.0188629925251007,0.0459614992141723,0.0396322309970855,0.0195005536079406,0.0375252664089202,0.0320388674736022,2025-05-19_19-48-51
2025-05-19_19-48-51_punch_018,punch,1.44732570749045,3.9862060181301135,0.7840249529343718,18.508076350164107,48.173535374608456,10.468785807194898,281.2756487774149,789.2339499437186,168.81222243596602,0.0347595512866973,0.0358293056488037,0.0519172251224517,0.0296324491500854,0.0139610469341278,0.0109303593635559,2025-05-19_19-48-51
2025-05-18_22-16-08_punch_009,punch,1.738946360520909,7.16844741031426,1.138292053041674,21.76516861199004,76.89659720665549,14.22583951468578,355.9369645014712,1337.6046662167366,231.57255753575703,0.0588224753737449,0.0082192420959472,0.1269776970148086,0.0643156766891479,0.1244799196720123,0.029858112335205,2025-05-18_22-16-08
2025-05-18_22-16-08_float_007,float,1.346766652029914,5.915990463588997,1.1011373393460844,17.88252735885248,78.03720674691135,14.074585933547798,282.2839969943409,1118.6974589957704,218.90693523955304,0.0535117536783218,0.2689111828804016,0.0072742700576782,0.0231044888496398,0.0989956557750701,0.0203738212585449,2025-05-18_22-16-08
2025-05-18_22-16-08_float_004,float,1.765584302567745,4.789603636772389,0.9012628307772822,21.508440371753668,59.07704940372364,12.794888099048556,368.3291647510228,966.545623540722,221.7192040716583,0.1636097729206085,0.2891116142272949,0.0299967378377914,0.0224319696426391,0.1235267547890544,0.0353376269340515,2025-05-18_22-16-08
2025-05-18_22-16-08_float_002,float,1.211523148017691,3.842700035228968,0.7397909945469454,16.964672264300678,50.78326352076719,9.672121704779704,285.4333900037278,803.1340582429219,167.0732663595767,0.1440830752253532,0.2945863306522369,0.0124352127313613,0.0120342969894409,0.1056718491017818,0.025994062423706,2025-05-18_22-16-08
2025-05-18_22-16-08_float_010,float,1.0544111005330712,2.706917768513419,0.5742002881685764,13.575596562479124,47.42839624450425,7.938877718185348,226.9596542635952,841.2072203887656,149.2227241155468,0.0669676810503006,0.2977637052536011,0.007014662027359,0.0192531943321228,0.1049497947096824,0.0845484137535095,2025-05-18_22-16-08
2025-05-18_22-16-08_punch_001,punch,1.9812290314244605,8.55970025233689,1.4823822306111298,26.70244311947374,96.1719060041316,18.78329379549013,426.248783722648,1695.6696337624862,293.495885440548,0.0282488167285919,0.0616344809532165,0.0944969654083252,0.0733370780944824,0.0260386914014816,0.0279710292816162,2025-05-18_22-16-08
2025-05-18_22-16-08_punch_006,punch,1.8089387833434056,5.549401601363627,1.2094210150985054,22.573300148840463,65.87106203006219,14.138900019093604,383.650696726169,1039.449254509546,234.24126007998865,0.0,0.0,0.1166689395904541,0.0662456154823303,0.1259351074695587,0.0408806204795837,2025-05-18_22-16-08
2025-05-18_22-16-08_float_003,float,1.5155279995844737,5.480774238023475,0.90381315605431,20.64538111551728,63.36509254090648,12.531565157849846,362.6161372104629,1102.848062133143,210.7613136941073,0.1539887711405754,0.3541830778121948,0.0105428993701934,0.0115048289299011,0.1160451602190733,0.0357344150543212,2025-05-18_22-16-08
2025-05-18_22-16-08_punch_005,punch,1.9405113497241808,8.691706261123358,1.7763280248038844,23.831152645529716,112.31587727668114,22.29182928340981,370.0079017116063,1597.8848935376031,319.48278980704714,0.0,0.0,0.1022202372550964,0.0765092968940734,0.0495558679103851,0.037150502204895,2025-05-18_22-16-08
2025-05-18_22-16-08_punch_010,punch,1.7668193348115038,7.0171493964517815,1.2917824479826685,23.487402664923053,88.09950985938855,17.94678171389582,396.0141427197964,1554.3495053320937,306.4959176776453,0.0242539644241333,0.0045447945594787,0.0268256515264511,0.1004851460456848,0.0381647944450378,0.0372090935707092,2025-05-18_22-16-08
2025-05-18_22-16-08_punch_008,punch,1.705327877287558,7.379764661222834,1.345313173133045,21.0303406682596,85.8915739183655,15.302767624024687,328.7005265888435,1367.473846592615,243.10370004530023,0.0137243680655956,0.0045587420463562,0.105290874838829,0.0627425909042358,0.057406723499298,0.0334011316299438,2025-05-18_22-16-08
2025-05-18_22-16-08_float_008,float,1.4301115432381706,5.608950315396161,1.164331635375368,18.15571751469737,89.08613011034316,14.590346063501777,304.99101632269094,1267.2392503617148,237.51106442227533,0.0755195096135139,0.3638551533222198,0.0077569484710693,0.022641897201538,0.1037647761404514,0.0335283279418945,2025-05-18_22-16-08
2025-05-18_22-16-08_float_009,float,1.3484990944000137,9.994636472467732,1.493623802901174,17.90191201465653,123.2812702410265,21.2314619878459,280.72564890811907,1685.187029570072,277.7111827701437,0.0738884955644607,0.3183674216270447,0.005076840519905,0.0132564306259155,0.0959565117955207,0.0417243242263793,2025-05-18_22-16-08
2025-05-18_22-16-08_punch_002,punch,1.911664835568084,6.744415872097363,1.154479593067221,23.36427986209992,88.94777822494925,15.408898193819828,379.6583043748788,1490.228244589446,253.9693478497012,0.0282688289880752,0.0086687803268432,0.0979171246290206,0.0808691382408142,0.0730327516794204,0.0392839908599853,2025-05-18_22-16-08
2025-05-18_22-16-08_float_006,float,1.312246728381307,5.384463874246169,0.981065410022152,18.32471431179996,58.76209072887226,12.127059146490602,305.16636118736005,1068.4760367090637,211.14393384713603,0.0768996477127075,0.3033062219619751,0.006341278553009,0.0148109197616577,0.0951332822442054,0.035103440284729,2025-05-18_22-16-08
2025-05-18_22-16-08_punch_004,punch,2.005895388813681,7.08458996568293,1.4801522184900309,25.196004676393933,73.9754982213033,17.541643052335424,402.2492267149064,1316.511425379912,285.3161145127936,0.0,0.0,0.1267456114292144,0.073363184928894,0.097048208117485,0.0506440997123718,2025-05-18_22-16-08
2025-05-18_22-16-08_punch_003,punch,0.9091660992073596,8.057579825610343,1.370135765212,12.727165223185692,91.46614929183266,17.6499605595569,210.87493846800024,1500.4079893372252,291.0912582691496,0.0,0.0,0.0937021374702453,0.0537943840026855,0.0189567506313323,0.0197779536247253,2025-05-18_22-16-08
2025-05-18_22-16-08_float_005,float,1.6659101210223763,5.655398702623223,1.2772642888771917,20.506633221810503,69.56283806411986,16.05477435165501,332.53342891228,1222.267494655637,238.01844035855797,0.1006781086325645,0.2714007794857025,0.0064360946416854,0.0180117487907409,0.0766000747680664,0.0430096983909606,2025-05-18_22-16-08
2025-05-18_22-16-08_punch_007,punch,1.8484568596273936,8.270458314277892,1.3596714388508633,25.41502542150389,81.34779073144763,16.58466539650145,419.6900740287781,1586.2556256385292,253.19566644695607,0.0,0.0,0.0975678712129592,0.0517678260803222,0.1140244603157043,0.0493557453155517,2025-05-18_22-16-08
2025-05-19_19-33-29_punch_017,punch,1.1806077686135352,4.856508574115277,0.8964473358705405,15.758994076503503,49.386024017934034,11.361967719912911,258.4929817224439,930.097820285672,188.05004139284128,0.0203177034854888,0.073985755443573,0.0354044437408447,0.0317775607109069,0.0045333802700042,0.0153964161872863,2025-05-19_19-33-29
2025-05-19_19-33-29_punch_015,punch,1.6545157672042945,7.077504733323969,1.3709633758839943,23.793765062853804,135.31702386456033,20.55919611777654,396.6201704771229,2159.0906878588635,361.7268482281257,0.0254549980163574,0.0562252402305603,0.0410224497318267,0.0336121320724487,0.0081410706043243,0.0202724337577819,2025-05-19_19-33-29
2025-05-19_19-33-29_punch_018,punch,1.4899540115857774,4.007143148906678,0.9802051535529815,19.2472118765798,69.2633067515966,13.28098599357956,322.90965803397785,959.4523221403912,224.5238991941485,0.0343905687332153,0.0241954326629638,0.0398376286029815,0.0675995945930481,0.0160101056098938,0.0227099657058715,2025-05-19_19-33-29
2025-05-19_19-33-29_punch_013,punch,1.5342202667120162,6.803229442154089,1.2791580487149825,20.269674742900055,82.21344771283133,15.821779937791751,329.79664157302426,1270.3381022358913,265.8628292419188,0.0303249359130859,0.0816694498062133,0.0666872560977935,0.0267372131347656,0.0340815186500549,0.0192826986312866,2025-05-19_19-33-29
2025-05-19_19-33-29_punch_016,punch,1.5407751613409493,4.981354718215677,0.964996197682032,18.825755341165923,59.11805125038137,11.758847350630202,307.09367632324125,1143.7818506064973,197.080031225555,0.0479350090026855,0.0788991451263427,0.0673334598541259,0.1265147924423217,0.0153060555458068,0.0161178112030029,2025-05-19_19-33-29
2025-05-19_19-33-29_punch_014,punch,1.6876651560705107,8.832740631309342,1.4407831217807532,24.392791381164187,127.56821363080957,21.1658490917242,403.5381135171918,2259.3599402717678,373.93401177189855,0.0293624401092529,0.0704762935638427,0.0335836708545684,0.0325923562049865,0.0129695236682891,0.0245673656463623,2025-05-19_19-33-29
2025-05-19_19-33-29_float_004,float,1.6775633164462145,5.765685975920915,1.1899490743003498,24.84393564656463,96.68629188369628,19.41908347726873,426.7795054907304,1585.5282069403372,330.9834788908181,0.1105530858039856,0.2804872691631317,0.0097500681877136,0.0242654681205749,0.0607017278671264,0.0208581089973449,2025-05-19_19-33-29
2025-05-19_19-33-29_punch_019,punch,1.3462962436441313,3.8221938862892695,0.9630737999085968,18.26423125784448,46.927998533819306,11.36685093217197,303.4636781457572,788.9457062582293,199.72532027999645,0.0260803997516632,0.0550503730773925,0.0367380678653717,0.0450068712234497,0.0115949511528015,0.0304482579231262,2025-05-19_19-33-29
2025-05-19_19-33-29_punch_012,punch,1.8881359301817195,5.986771187829885,0.996706057550278,23.662517500859284,76.93868693654107,13.900484010088029,400.2545697988549,1268.9135705665524,239.296786674466,0.0411268174648284,0.0682997703552246,0.0484751462936401,0.0361196398735046,0.0636375844478607,0.0207462310791015,2025-05-19_19-33-29
2025-05-19_19-33-29_float_009,float,1.1908512451300963,3.921982592274276,0.8033665832079532,16.001974433209824,68.0789029099998,13.284778903292878,265.12637927301057,1110.3202494542631,246.2612937423348,0.0674805045127868,0.1635718047618866,0.004441887140274,0.0063666105270385,0.0707224309444427,0.0307905673980712,2025-05-19_19-33-29
2025-05-19_19-33-29_float_005,float,1.4720519258091904,6.148203417036245,1.1213181956217455,21.638917967727394,77.60205214623102,16.681449783325267,376.1987473077197,1350.617799763426,304.48383165019175,0.1110604405403137,0.2889526784420013,0.0041273534297943,0.0291711688041687,0.0682848691940307,0.0254420638084411,2025-05-19_19-33-29
2025-05-19_19-33-29_float_010,float,1.282572318426933,6.494306762734243,1.0652733200728233,16.05202100680174,82.28288708412659,14.870641848367496,251.3810864924956,1373.4869766530442,236.81878767368048,0.1439071595668792,0.2053273916244506,0.0058984160423278,0.0140160322189331,0.0449765026569366,0.0250229835510253,2025-05-19_19-33-29
2025-05-19_19-33-29_punch_020,punch,1.5741689592502262,4.542799034010761,0.9916961304940214,20.56565293246348,53.96767097060936,12.514794723745414,333.97259563739266,895.4386659709136,204.8057642344526,0.0204836726188659,0.0925577282905578,0.0559485554695129,0.0264305472373962,0.014648824930191,0.0173860788345336,2025-05-19_19-33-29
2025-05-19_19-33-29_float_006,float,1.0047362847315686,2.47898648205831,0.4620653317199882,12.818374689307994,35.14108338012844,6.072906452796593,192.04264015811984,419.7909875911888,77.32886340308545,0.1196630299091339,0.2312301397323608,0.00635826587677,0.0098891854286193,0.0698307454586029,0.0307456254959106,2025-05-19_19-33-29
2025-05-19_19-50-20_float_004,float,0.939673620321438,2.6768648404222253,0.4836404929662121,11.491692294563462,27.884947260252734,5.823559309455665,174.89590138053643,359.5673774612368,77.98288630225082,0.0930064916610717,0.1810840368270874,0.0088297128677368,0.0039315223693847,0.089999109506607,0.0874443054199218,2025-05-19_19-50-20
2025-05-19_19-50-20_punch_013,punch,1.9218905845557253,6.746421897357264,1.1350643454042166,27.04996781327038,88.6808458670038,17.788735003401836,469.4637994272183,1608.396148089341,314.454927451522,0.024804264307022,0.0422566533088684,0.055233359336853,0.0246689915657043,0.0128969252109527,0.0119224190711975,2025-05-19_19-50-20
2025-05-19_19-50-20_float_005,float,1.739717295909626,5.50113864035765,1.0709821898670042,27.12254267681878,96.25513560086245,17.898991321638547,465.42688479190207,1686.4062928667545,342.3990968533624,0.1163802146911621,0.201762318611145,0.0093770325183868,0.0046916604042053,0.0845032930374145,0.0800502300262451,2025-05-19_19-50-20
2025-05-19_19-50-20_float_010,float,1.1542394330232506,3.465113913630968,0.5606726134291918,14.279636352890158,34.696868629448105,6.2918932021996765,227.22063653157824,557.718490744008,100.68112922540192,0.0735373497009277,0.1616996228694915,0.0073634386062622,0.0088486075401306,0.0937273502349853,0.0762066841125488,2025-05-19_19-50-20
2025-05-19_19-50-20_punch_018,punch,1.721579276166022,5.830480441351345,1.0755858786066193,22.240650601188637,76.08211367062694,13.43950880513258,368.5903777883853,1222.868028982845,240.02097820994783,0.0192193984985351,0.0788891911506652,0.0482023656368255,0.039000928401947,0.012759119272232,0.0234269499778747,2025-05-19_19-50-20
2025-05-19_19-50-20_punch_011,punch,2.2597531963220097,7.225757949686544,1.4728386420259625,33.139733935474794,100.171386317271,23.04671553157027,552.6962232050091,1768.479272698916,342.14839770143726,0.0298997461795806,0.0439858436584472,0.0487101674079895,0.0284592509269714,0.0331936180591583,0.0297327637672424,2025-05-19_19-50-20
2025-05-19_19-50-20_float_002,float,1.368987162841758,7.348009873737061,1.0704555984840722,19.2017314542159,71.68398362365038,14.17519660181022,303.1642535624337,964.7033612158438,204.1666566620061,0.1415191888809204,0.1110719144344329,0.0126765370368957,0.011530578136444,0.061315894126892,0.0808159708976745,2025-05-19_19-50-20
2025-05-19_19-50-20_float_003,float,1.1770235138438798,11.454648223930397,1.4861994688627025,16.057710294940026,119.45792236242866,19.358914175764237,226.4361068476752,1087.8828571929307,157.24339679133902,0.1126638352870941,0.187028706073761,0.0054791867733001,0.0079808235168457,0.1010677814483642,0.087673008441925,2025-05-19_19-50-20
2025-05-19_19-50-20_float_008,float,1.2149644307464884,2.9477303771272174,0.5852444524905345,16.08325324363883,32.8070412834388,7.639632982164481,249.54875261836716,560.5292437232048,110.88446629004189,0.0699191987514495,0.1821637451648712,0.0110502541065216,0.0097078680992126,0.0944844484329223,0.0858620405197143,2025-05-19_19-50-20
2025-05-19_19-50-20_punch_016,punch,2.269038673659458,6.46992185500446,1.270561068027093,32.364476003116046,82.8491613397495,19.16675065075492,567.4978894525235,1469.4674026164462,328.61221890302386,0.0183223783969879,0.0321030616760253,0.0469962954521179,0.0626718401908874,0.0185700058937072,0.0176358819007873,2025-05-19_19-50-20
2025-05-19_19-50-20_punch_017,punch,2.2513839017547275,5.842904106496823,1.2553349519446235,30.028259953092,77.09049440323261,15.012254239907824,509.3729523977267,1284.585680740499,252.1896095169154,0.0188758671283721,0.0450649857521057,0.054255336523056,0.0630221962928772,0.0208522081375122,0.0266225337982177,2025-05-19_19-50-20
2025-05-19_19-50-20_punch_012,punch,1.658942532921339,4.393862790081958,0.8784783977919991,22.383368640228056,50.1627621501803,9.95244272204344,363.9659416260772,785.650464699147,152.1491133194687,0.0163123309612274,0.0360590815544128,0.0383957624435424,0.031754195690155,0.0132219195365905,0.0153911709785461,2025-05-19_19-50-20
2025-05-19_19-50-20_float_007,float,1.0194864260641632,2.312745101422184,0.4802726898924238,13.190965738934231,33.031538325431576,6.480080617186402,211.0797090713267,554.7223784983888,110.27838544813608,0.0611805319786071,0.1658224165439605,0.0106898248195648,0.0092021822929382,0.0860026776790618,0.1169191002845764,2025-05-19_19-50-20
2025-05-19_19-50-20_float_009,float,0.8238820224801682,2.4526703845331044,0.4948272798426831,11.614163654239157,31.63022084432803,6.839567439955775,188.267953818582,557.2736365844789,101.2505733350487,0.0950225293636322,0.1701857447624206,0.004941701889038,0.0051819086074829,0.0653868019580841,0.043067991733551,2025-05-19_19-50-20
2025-05-19_19-50-20_float_006,float,1.2154157008760038,4.106389287021502,0.7982701453113441,16.753149638794152,52.19807153291957,10.705071359552516,257.29056888584535,820.2047157992466,154.01945029400008,0.0697596967220306,0.1942793428897857,0.0060579180717468,0.0056256055831909,0.0691004991531372,0.0588878393173217,2025-05-19_19-50-20
2025-05-19_19-50-20_punch_020,punch,1.9648921291677135,7.008338096027931,1.2199061209640507,25.73874311297329,79.14289314072207,15.12989961665744,422.4178581727567,1389.1845745026994,246.2566601358897,0.0161522924900054,0.032142162322998,0.0479466915130615,0.0451493263244628,0.0126543045043945,0.0178426504135131,2025-05-19_19-50-20
2025-05-19_19-50-20_punch_014,punch,2.0727028120377984,6.853275522572408,1.4318815142637005,32.03955954665939,91.97154301613716,22.017249506098008,569.6474443050594,1626.411789826608,405.9069934924656,0.0174824893474578,0.0550415515899658,0.039760023355484,0.0188871622085571,0.0160731971263885,0.0131055116653442,2025-05-19_19-50-20
2025-05-19_19-50-20_punch_019,punch,2.0820838852665746,5.790275822247596,1.2757742334842483,27.79029623949881,76.54487239372727,16.32830522485224,473.7651845267842,1301.4739128586295,287.7761113861933,0.0421604514122009,0.0417559146881103,0.0462775826454162,0.0428113341331481,0.01139697432518,0.0106672048568725,2025-05-19_19-50-20
2025-05-19_19-50-20_punch_015,punch,2.469301624620964,13.65923597220338,2.178118508520785,35.02053011056418,114.05754709380984,27.9305894443244,570.2767721214879,1991.747909084659,430.997901353672,0.0220361649990081,0.0223262906074523,0.0559963285923004,0.0526373982429504,0.0104037821292877,0.012007713317871,2025-05-19_19-50-20
2025-05-19_19-51-51_float_004,float,1.1180453411220972,2.2680958013510333,0.5372722267362403,14.024641625200893,36.12513007302836,6.8375874156051015,236.30277331078776,591.0562145780628,106.93126205686217,0.0958086848258972,0.2150146961212158,0.0076637268066406,0.0092053413391113,0.1050593554973602,0.0988982319831848,2025-05-19_19-51-51
2025-05-19_19-51-51_punch_016,punch,2.1055511118981047,7.936252324163072,1.2711949128992963,30.57204747418493,87.87873359323675,18.682106533135503,518.9549508106466,1677.4104108825225,307.8071841340033,0.0348056554794311,0.0546815991401672,0.0538236498832702,0.0495460033416748,0.0078291296958923,0.0133161544799804,2025-05-19_19-51-51
2025-05-19_19-51-51_float_002,float,1.2481006218821855,4.074944036335391,0.8580816862752774,17.90980600480429,76.29874527448224,12.232906197536392,288.31048127185954,820.6502603978611,173.27685634943526,0.0904157161712646,0.20955291390419,0.012316882610321,0.0050452351570129,0.097951740026474,0.1068248748779296,2025-05-19_19-51-51
2025-05-19_19-51-51_float_010,float,1.1284644949620335,2.935996100549943,0.6134955071826894,14.532664982029182,32.88828792615547,6.678018489176825,245.3106296065633,629.1869489219666,106.6620740557084,0.0676382482051849,0.187661737203598,0.0094027519226074,0.004617691040039,0.0986583530902862,0.1109125614166259,2025-05-19_19-51-51
2025-05-19_19-51-51_punch_014,punch,2.1199433143854947,6.665850392742825,1.2550522995542983,28.045488519694736,81.54633733740324,17.61332417329869,463.1584174079379,1349.6700778426623,282.444788000552,0.0065902769565582,0.0333235263824462,0.0409709215164184,0.0394736528396606,0.017389178276062,0.0206400156021118,2025-05-19_19-51-51
2025-05-19_19-51-51_float_006,float,1.1808388369658058,3.856795476515698,0.7541154790611895,16.916128648464934,57.124065657647975,10.727396064443296,269.92958701992364,837.4510179308556,166.06494053061496,0.0689925253391265,0.2150672674179077,0.0044550895690917,0.0062621235847473,0.0924568772315979,0.1016134619712829,2025-05-19_19-51-51
2025-05-19_19-51-51_float_003,float,0.8981758280048685,1.829958973787533,0.3382788506964567,12.386367607952588,25.74287802393597,4.46763074102793,208.3782636182382,361.23723349770944,75.30241788000231,0.0552968680858612,0.1860092580318451,0.0092245936393737,0.0056219696998596,0.0874018371105194,0.1007795333862304,2025-05-19_19-51-51
2025-05-19_19-51-51_float_007,float,1.0681779879831406,4.522134202111086,0.6841565186315546,14.06325509622433,37.7639982213872,7.222956003519553,224.99507749907707,571.0571063833628,106.34514752569676,0.0401048064231872,0.1649345457553863,0.0083020627498626,0.0081182718276977,0.0755317509174346,0.1044902801513671,2025-05-19_19-51-51
2025-05-19_19-51-51_punch_013,punch,2.291429927897928,7.856617741826032,1.19658796520099,31.57871913764459,77.72165622255474,14.970540766371553,542.5109918453134,1514.1664977602402,246.54984278332896,0.0311252176761627,0.0541886687278747,0.0473943054676055,0.0439926981925964,0.0150124430656433,0.0358956456184387,2025-05-19_19-51-51
2025-05-19_19-51-51_punch_019,punch,1.7395609483928658,4.465775272320067,1.1047497674050912,25.281940391778203,64.5739739856789,15.526717925380016,422.6054377329186,1057.1371453176837,250.62485033817777,0.0236839354038238,0.0235790014266967,0.0591200590133667,0.0313724279403686,0.0346303284168243,0.0236796736717224,2025-05-19_19-51-51
2025-05-19_19-51-51_float_005,float,1.0925592217740552,2.621195050625891,0.5489958251366664,14.980167452168502,32.431909675552774,6.471039640285431,247.6767242346954,493.095541754731,108.3397188483397,0.0746767222881317,0.2302092313766479,0.0061932504177093,0.0072815418243408,0.1055332720279693,0.0974503755569458,2025-05-19_19-51-51
2025-05-19_19-51-51_punch_011,punch,2.2761510686467976,10.813383562115504,1.9093816170076725,33.71697148895706,191.28498087259828,30.71782887942524,594.010356480317,3021.0433863481853,541.8401224051959,0.0294151902198791,0.0877147912979126,0.0595914721488952,0.0255111455917358,0.0462399125099182,0.0204713344573974,2025-05-19_19-51-51
2025-05-19_19-51-51_punch_018,punch,3.1263874262251803,7.589864469537014,1.5655263439804148,43.95159181103792,123.49555997474084,24.235087190448613,742.0161337782457,1979.4452777178776,425.9095399489052,0.0889973640441894,0.083763837814331,0.052894115447998,0.0392478704452514,0.015244722366333,0.0188329219818115,2025-05-19_19-51-51
2025-05-19_19-51-51_punch_020,punch,2.622773021271664,6.876440969277327,1.3771036799970668,37.83676098092033,106.11218152212663,19.25533558637197,628.7749295227043,1838.0709726723671,350.8740601131986,0.0282673835754394,0.0487275123596191,0.0528081655502319,0.0299601554870605,0.0104449987411499,0.0214492082595825,2025-05-19_19-51-51
2025-05-19_19-51-51_punch_017,punch,2.9382906789938743,9.602299734415226,1.6787386485145563,41.96478964695576,105.10483966718078,21.18081532878191,735.9711662143031,1817.931219958555,341.4812852229051,0.0867423117160797,0.0833600163459777,0.0539951920509338,0.0605213046073913,0.0281189382076263,0.0252598524093627,2025-05-19_19-51-51
2025-05-19_19-51-51_punch_012,punch,1.9100743014022237,5.338373144782395,1.0204054696169458,25.41688591351944,70.47103036030528,13.928323832980352,440.0982886110672,1061.721030245608,253.71549086989455,0.0224276185035705,0.0510261058807373,0.0479791164398193,0.0422109961509704,0.0137787759304046,0.0306305289268493,2025-05-19_19-51-51
2025-05-19_19-51-51_punch_015,punch,2.8732209479915256,9.45095071722898,1.7456779631713772,46.11204005344581,163.82306014672338,32.07802232165167,795.6813168550893,2946.2124594526754,552.7830092931063,0.0135782063007354,0.0291638374328613,0.0449938774108886,0.0266630053520202,0.0093221068382263,0.0147134065628051,2025-05-19_19-51-51
2025-05-19_19-51-51_float_008,float,1.2355309013973286,5.012364743401188,1.054109681618184,16.467100897328663,71.0018738330635,13.229509887442038,252.6028420573454,1044.585101887899,177.87932634789135,0.0185720324516296,0.0926911234855651,0.0069589614868164,0.0053081512451171,0.0499198138713836,0.0777376890182495,2025-05-19_19-51-51
2025-05-19_19-38-50_float_002,float,1.4136029001066286,4.72034545460055,1.0125548572374226,18.200563696079698,62.24088959705841,12.940510513561737,291.8201611796578,1068.3145984145758,189.6863717132067,0.1382978558540344,0.219743549823761,0.0062051713466644,0.0094698071479797,0.0643283128738403,0.0722182393074035,2025-05-19_19-38-50
2025-05-19_19-38-50_float_010,float,0.9140614130119018,2.7633096457075546,0.5135042257822041,12.118209733436151,36.06755869183184,6.531612145630315,199.0098312800952,587.2377756920183,118.52118006811872,0.0725769698619842,0.1659912467002868,0.007935345172882,0.0095913410186767,0.0871711075305938,0.0915614962577819,2025-05-19_19-38-50
2025-05-19_19-38-50_punch_015,punch,1.910180982168873,4.590603987185915,1.0824258050826794,26.81874890415368,63.15791392087933,13.935772558772625,464.8026826722117,1131.076682150826,244.04012492041605,0.0241962969303131,0.0469447970390319,0.0501347482204437,0.0452455282211303,0.0364311039447784,0.0245437026023864,2025-05-19_19-38-50
2025-05-19_19-38-50_float_008,float,1.3178492003770372,5.216130225413841,0.7825370644242018,19.18218754502036,85.98128155318793,14.287894534426997,312.7351890028381,1070.166547746274,201.9694295889684,0.0845830142498016,0.1899314522743225,0.0094651281833648,0.0052381157875061,0.0893270671367645,0.1000824570655822,2025-05-19_19-38-50
2025-05-19_19-38-50_float_009,float,1.082229292521329,2.0824538341502743,0.4496506813016049,13.283845429584971,33.26675304345423,6.235560199484726,217.5399755034517,652.3773465593218,114.38741486945308,0.1066102385520935,0.1846786141395568,0.0075496733188629,0.0065399408340454,0.0808537006378173,0.0672081112861633,2025-05-19_19-38-50
2025-05-19_19-38-50_float_005,float,1.4232693357141948,3.5049110665166454,0.6461709494167596,17.03446314201742,42.21708347936279,8.632814349298183,270.9317494738082,688.5620188720346,144.38451013949518,0.1003122627735138,0.1919818520545959,0.0080697536468505,0.0077136158943176,0.0843667984008789,0.0535684823989868,2025-05-19_19-38-50
2025-05-19_19-38-50_punch_012,punch,1.9911588884001208,4.83610047443068,0.9859497791919604,26.63117769204972,67.13047065325384,14.7473209886524,446.4705077249069,1274.0891940574722,277.8960983653242,0.0598453283309936,0.0222997665405273,0.0455500781536102,0.0314059853553772,0.0212423205375671,0.0170862674713134,2025-05-19_19-38-50
2025-05-19_19-38-50_punch_017,punch,3.228882753259702,13.19552862016018,2.542109286473345,50.245899994228594,230.34585082210688,40.524154774547256,848.8520400772148,4087.6570702684494,756.7229030168927,0.1058954894542694,0.0731483697891235,0.043727159500122,0.046704888343811,0.0178834795951843,0.0179575085639953,2025-05-19_19-38-50
2025-05-19_19-38-50_float_006,float,0.8624023160819643,1.7873058654754763,0.3478273518699148,11.278068617759963,22.89714057365156,4.713605446607722,185.86298630943264,350.39044275279093,68.50545251160436,0.0890775024890899,0.2005939185619354,0.0079115331172943,0.00836181640625,0.083279550075531,0.0671279430389404,2025-05-19_19-38-50
2025-05-19_19-38-50_float_007,float,0.8082993277160833,2.423870689595065,0.4316906639473884,11.221861011804029,31.05546725367373,5.464069766437067,191.73048337593715,451.5415380508616,90.26162129426513,0.0732801258563995,0.1626220345497131,0.0077548325061798,0.0094008445739746,0.0857650637626648,0.0753445625305175,2025-05-19_19-38-50
2025-05-19_19-38-50_punch_019,punch,1.9982628386997077,4.816075264435825,0.9283890978244004,26.555191542818505,68.77983162564807,16.172242987481212,459.9993340306372,1321.324159245905,306.8562147951732,0.0373705625534057,0.0368505716323852,0.046157032251358,0.0564485788345336,0.0312182009220123,0.0228996276855468,2025-05-19_19-38-50
2025-05-19_19-38-50_punch_018,punch,1.9596248973294816,7.832073099167343,1.0695075218961134,25.745521971960557,98.97562130090034,15.43976222355222,442.0030064388948,1856.6310092407807,276.18939368616554,0.0421686768531799,0.0313798785209655,0.0393940508365631,0.0479456186294555,0.0194276273250579,0.016190767288208,2025-05-19_19-38-50
2025-05-19_19-38-50_punch_014,punch,1.8543860725406456,5.371769822005558,0.9991056910346504,24.23076558972129,80.66462634819885,14.62488348429083,405.4126053336689,1453.7237907945405,254.8820027710399,0.0248504877090454,0.0525593161582946,0.0426959991455078,0.0432093143463134,0.0354561805725097,0.0143632292747497,2025-05-19_19-38-50
2025-05-19_19-38-50_punch_020,punch,1.733313838151286,5.149825865873796,1.1176143443675042,24.053820220710616,72.65215184919104,16.082054307626397,410.2054084859498,1229.6326116474854,281.6092628729514,0.0197125077247619,0.0410611033439636,0.0640563070774078,0.0391444563865661,0.0213435292243957,0.0282597541809082,2025-05-19_19-38-50
2025-05-19_19-38-50_float_003,float,0.937684341146213,2.154488653123757,0.483939361846926,11.92837574334741,38.924673181391306,7.943183691036228,195.02764794486123,540.6589261274843,114.77307568915973,0.0779517889022827,0.1818459033966064,0.0075106620788574,0.0105219483375549,0.1090204417705535,0.079594612121582,2025-05-19_19-38-50
2025-05-19_19-38-50_punch_013,punch,1.766690336883774,4.812707890434552,0.9361532248060332,23.833629420421385,71.88920724116883,12.166139848908854,410.0510263391108,1204.1826177478845,218.7468462018071,0.0460006594657897,0.047825813293457,0.0468598008155822,0.0576633214950561,0.0148921012878417,0.0154974460601806,2025-05-19_19-38-50
2025-05-19_19-38-50_float_004,float,0.8066440835517318,2.421296328540582,0.5046458346124326,10.906385750351555,28.093883701109892,6.070192529005017,188.83284911861287,426.3480399757205,100.1065501077262,0.0914523601531982,0.1851076483726501,0.0062843263149261,0.004241943359375,0.0637355148792266,0.0215241312980651,2025-05-19_19-38-50
2025-05-19_19-38-50_punch_016,punch,2.8846719170189203,11.407703638561449,2.081510245669589,43.73279066559025,158.61020039576553,37.425013773489006,777.8086179722081,2893.5078638454515,689.9130649328175,0.0485090911388397,0.0768100023269653,0.0325868129730224,0.0272228121757507,0.0184887945652008,0.0109093785285949,2025-05-19_19-38-50
2025-05-19_19-34-57_float_010,float,1.160146634678796,2.8489744862480126,0.5475390621591049,15.84955498942352,47.70954480162965,9.30440512881518,249.29133402055044,774.1478100904089,142.4274074871838,0.0791361331939697,0.2259073853492736,0.0050725936889648,0.0060853958129882,0.0823376774787902,0.0774193406105041,2025-05-19_19-34-57
2025-05-19_19-34-57_punch_017,punch,1.642589566198518,10.241386859363034,2.244236294544283,24.30774692367729,194.1381285424037,39.26622336556548,424.62825450971474,3167.787927851156,709.8474696147758,0.0239278376102447,0.0554507970809936,0.0413698256015777,0.0422421693801879,0.0108812749385833,0.0103857517242431,2025-05-19_19-34-57
2025-05-19_19-34-57_punch_012,punch,1.22706725941409,4.02041326169904,0.7286064606781864,16.166035470667765,51.88361376574605,10.319061949979076,263.44725395737163,991.1325737093696,179.4448756599448,0.0964808166027069,0.202217698097229,0.0064653754234313,0.0073122382164001,0.0949889123439788,0.0868496298789978,2025-05-19_19-34-57
2025-05-19_19-34-57_float_009,float,1.1443880645843476,3.209065319242019,0.615121015796646,16.35505105813471,43.32738733314557,8.042292464614187,266.3812908733514,600.8739806369919,120.51795997804707,0.0843392610549926,0.216300368309021,0.0029770731925964,0.0095344185829162,0.0830936431884765,0.0884456038475036,2025-05-19_19-34-57
2025-05-19_19-34-57_punch_016,punch,1.6383106590508367,4.37702543342433,0.9293539290732848,22.05182535232917,54.7894988327687,12.154075286893036,375.2791865331655,971.3711970190076,210.20776264605055,0.0158450603485107,0.0583261847496032,0.0460163354873657,0.0769609212875366,0.0152971744537353,0.0171042084693908,2025-05-19_19-34-57
2025-05-19_19-34-57_punch_019,punch,1.7308375309564654,4.8924159550631705,1.231516563010582,24.12140162758737,80.36516398600449,16.21231838287459,403.92292982073,1220.8828205973591,273.54569175099573,0.0235773026943206,0.0317530035972595,0.0527620315551757,0.0593687891960144,0.0106937885284423,0.0113381147384643,2025-05-19_19-34-57
2025-05-19_19-34-57_float_003,float,1.5688667360935518,5.431075704054074,0.9506164172810893,21.425063224544004,68.7179890732373,12.150581965104124,362.4994460850497,1042.8152924050278,210.55544228326627,0.1259127557277679,0.2228380739688873,0.0266166627407073,0.0175473690032959,0.0747482478618621,0.0916737914085388,2025-05-19_19-34-57
2025-05-19_19-34-57_punch_011,punch,1.1966913964883397,3.318970304428829,0.6244251834510262,17.100080383820238,39.16016511745416,8.336683006377493,290.94018342415575,698.8955078335216,146.54890555709477,0.1063196957111358,0.2185954749584198,0.0038472712039947,0.0098586082458496,0.0918854773044586,0.0958608984947204,2025-05-19_19-34-57
2025-05-19_19-34-57_punch_013,punch,1.0968533764648334,3.840125914805425,0.6951215107798198,14.987737916065434,46.82645466124931,9.310058328550584,239.35366032289272,839.3367365770371,148.34428280363824,0.0908033549785614,0.1771684885025024,0.0035206377506256,0.0054433345794677,0.0850939154624939,0.0936338901519775,2025-05-19_19-34-57
2025-05-19_19-34-57_float_002,float,1.6671400052838683,8.173436911574125,1.6118640995994928,25.73262557525882,134.4038479468777,25.61312152892264,447.6568571843179,2252.345144584289,454.849047482435,0.0839384198188781,0.31520676612854,0.0185169875621795,0.0155686736106872,0.116605743765831,0.0901427268981933,2025-05-19_19-34-57
2025-05-19_19-34-57_float_004,float,1.4846094862253256,3.543200103790284,0.7337452502322935,18.995746749958247,50.134854926616896,9.13435840367164,314.2998222623721,664.1148190592819,138.20748361945513,0.1345764696598053,0.2206160426139831,0.0061175823211669,0.0075006484985351,0.0799838006496429,0.0773239135742187,2025-05-19_19-34-57
2025-05-19_19-34-57_float_007,float,1.0777284598160537,3.616576310190269,0.6755740322284169,15.053795094596492,48.46088169231291,9.19054570578619,257.8320370258145,806.9326113310748,154.7677734763523,0.1030225455760955,0.1884365677833557,0.0064316689968109,0.0071949958801269,0.1008097231388092,0.0767476558685302,2025-05-19_19-34-57
2025-05-19_19-34-57_float_008,float,1.0182502690839437,1.9841303611044083,0.3859034116444735,14.332265182456482,32.109141064107845,5.9176450803007485,245.85692844238127,515.6166919665892,100.58241626710728,0.1166870296001434,0.1936767101287841,0.0059395432472229,0.0045023560523986,0.0950904488563537,0.0822013020515441,2025-05-19_19-34-57
2025-05-19_19-34-57_punch_015,punch,1.2739615554176762,4.539793295787616,0.8370481232429894,17.60394165204448,67.45775936951416,12.618829126309626,287.7468409849466,1142.056416300037,196.31632429758088,0.0308178663253784,0.0375669002532959,0.0290350914001464,0.0065663456916809,0.0150621831417083,0.0106372237205505,2025-05-19_19-34-57
2025-05-19_19-34-57_float_006,float,0.8685477214454611,3.573561104853218,0.5622868690196203,10.69781988571753,39.23016805644862,7.422449537497878,178.520958093343,733.0911381403106,121.11329501412796,0.0972009301185607,0.2237167060375213,0.0023341178894042,0.0052825808525085,0.0758038759231567,0.039528489112854,2025-05-19_19-34-57
2025-05-19_19-34-57_punch_018,punch,1.4690442423118673,3.5488365700227305,0.7314617700952821,18.788351016807937,43.277516070939896,9.818640272504084,297.3477362128576,740.6798141075034,158.26563093915007,0.019060879945755,0.0337478518486022,0.039611279964447,0.041361927986145,0.0158513188362121,0.0110135078430175,2025-05-19_19-34-57
2025-05-19_19-34-57_punch_014,punch,0.941695063772542,1.8523105951060743,0.3876612632623344,12.78633342082605,29.21789233860328,5.979972360546314,218.80776996529684,531.0584332795618,103.65771047900164,0.0401859581470489,0.1720896661281585,0.0033325254917144,0.007199227809906,0.0721336603164672,0.0515815019607543,2025-05-19_19-34-57
2025-05-19_19-34-57_punch_020,punch,1.671451615772576,5.952837995919063,1.0986156136881704,22.18206025514246,80.62648428048821,14.552788070306477,374.1587736907375,1266.6603735407086,256.0935390327084,0.0134356915950775,0.0313736796379089,0.0538143515586853,0.0865281224250793,0.0090320408344268,0.0157780051231384,2025-05-19_19-34-57
2025-05-19_19-34-57_float_005,float,1.277557339122364,4.115640196019473,0.7368236054453998,17.158116774762178,61.5102823825604,11.217882512517372,280.2681962589317,995.2977702478884,187.56736173389965,0.0898617804050445,0.2068356275558471,0.0065697729587554,0.0051208138465881,0.0981744229793548,0.0903640985488891,2025-05-19_19-34-57
2025-05-18_21-51-32_punch_002,punch,1.2111811397565424,3.223022415319467,0.7315596876518038,15.794972206037745,40.06760560841424,8.582011827684804,261.4856092037325,712.7601609643933,147.93644479759644,0.0409395396709442,0.1352335810661316,0.0128480195999145,0.014960765838623,0.0504288673400878,0.1025704145431518,2025-05-18_21-51-32
2025-05-18_21-51-32_punch_010,punch,1.775660558645535,7.552522507977048,1.6230535587052504,22.25960423726369,122.88442126170725,22.235094531230413,352.5485123269175,2003.9019096620189,385.1147579170002,0.0112226903438568,0.0986160635948181,0.0467108190059661,0.0697805285453796,0.0123234987258911,0.0124759674072265,2025-05-18_21-51-32
2025-05-18_21-51-32_punch_004,punch,0.8960628576405328,2.4347597612068426,0.5593677119540179,12.200758385253252,35.891934037421095,7.996277989911703,205.8542825221224,638.7670270897014,150.78264891512225,0.0034380406141281,0.0173376202583313,0.0403494536876678,0.0382493734359741,0.0154097974300384,0.0120744109153747,2025-05-18_21-51-32
2025-05-18_21-51-32_float_007,float,1.613373667844063,5.602600934465865,1.020791470697,23.12504904455635,98.61777069817926,16.683490500328247,400.1383274070415,1556.8583395243118,292.9221292063892,0.108459860086441,0.22609543800354,0.003847599029541,0.0106876492500305,0.1294408291578292,0.1741549968719482,2025-05-18_21-51-32
2025-05-18_21-51-32_float_010,float,2.016656800808005,8.361322762102963,1.583380791713064,27.94120252737087,104.55020607938344,21.153346705823992,467.0175814195176,1729.5468051438215,347.9335886737456,0.0962165892124176,0.1981524229049682,0.0119521617889404,0.0160536766052246,0.0709526687860488,0.1254587769508361,2025-05-18_21-51-32
2025-05-18_21-51-32_float_002,float,1.543834539409145,7.594736561619379,1.2137391841958287,20.770758151143163,85.87213972918181,17.215819474870347,338.45431865829505,1662.206697548249,305.5588656034053,0.1670540571212768,0.3433167636394501,0.0273464322090148,0.0104917883872985,0.0724599659442901,0.0259050726890563,2025-05-18_21-51-32
2025-05-18_21-51-32_punch_006,punch,1.2145502782512427,5.766239304870111,0.9684993307917368,16.096393881898493,64.67520631786368,13.250507284830771,261.2559648729546,1008.599866424218,199.19973134244404,0.0224318206310272,0.0421213507652282,0.0429787635803222,0.0478436946868896,0.0113092958927154,0.0124969482421875,2025-05-18_21-51-32
2025-05-18_21-51-32_float_005,float,1.452019637976698,3.689183998528239,0.7130607046758972,19.616258286171945,55.79370045798999,9.883720575909102,323.30300690946177,941.3398294118152,187.2020572527456,0.1170367896556854,0.2806503474712372,0.0189790427684783,0.0103941559791564,0.1342567503452301,0.1505637764930725,2025-05-18_21-51-32
2025-05-18_21-51-32_punch_001,punch,1.6607392365261724,4.558102906232866,1.094419515533427,23.213205453009824,74.55905018458016,15.550802613282231,389.8158092762549,1284.0496799544912,263.0040910690956,0.0301193594932556,0.1151095032691955,0.0167081356048584,0.0125284790992736,0.0708421468734741,0.1145651340484619,2025-05-18_21-51-32
2025-05-18_21-51-32_punch_007,punch,1.3163381522226325,5.816057659150574,1.1991873882879442,16.798053320606574,60.11599880687999,13.959553635323989,268.3300022673731,1006.2281216173052,210.74754375964272,0.0138469636440277,0.0763704776763916,0.0407738387584686,0.0564875602722168,0.010347843170166,0.0129583477973937,2025-05-18_21-51-32
2025-05-18_21-51-32_float_009,float,1.6309784818267004,4.66215167244197,0.9717432967058948,23.6052344942052,77.1767367263359,14.479774995367375,389.38787329301874,1308.90852944142,257.3224751305034,0.1242123246192932,0.2223252654075622,0.0074628889560699,0.0095121264457702,0.07896189391613,0.1413586735725402,2025-05-18_21-51-32
2025-05-18_21-51-32_punch_008,punch,1.0503915710755591,4.602669754020198,0.8772997041182931,13.87578357060342,65.74646852909552,11.469746317575154,224.482000864394,1092.1061029430848,197.3978348769911,0.024195909500122,0.1026795506477356,0.0407914519309997,0.0370186567306518,0.0084960162639617,0.0157025456428527,2025-05-18_21-51-32
2025-05-18_21-51-32_float_006,float,2.078796273757124,8.116647916081686,1.3299054876746796,26.40416556060351,126.954336906437,20.632905398980093,399.2860461573854,1284.5252070147508,238.08437095409232,0.1569051742553711,0.28272545337677,0.0082744359970092,0.0071789026260375,0.1272914856672287,0.1200543642044067,2025-05-18_21-51-32
2025-05-18_21-51-32_punch_003,punch,1.2497908179209656,4.714588590231422,0.9442580614074308,14.30344448144371,58.18018050130296,10.271125839158136,215.32619826769707,885.3648842715351,147.98153073195988,0.041322648525238,0.0685316920280456,0.0253589451313018,0.0216814279556274,0.0108734965324401,0.0219334363937377,2025-05-18_21-51-32
2025-05-18_21-51-32_punch_009,punch,1.3269461057027916,5.455705093345392,1.1328695415186938,16.18550565137572,66.02176757508356,13.303466401951766,255.69557712818843,852.4244901627167,187.20288633663893,0.0,0.0,0.0435338616371154,0.0445699095726013,0.0101325809955596,0.0122860074043273,2025-05-18_21-51-32
2025-05-18_21-51-32_punch_005,punch,1.4159025527583662,4.511324046069765,0.7152406252853294,16.285664235818842,64.93232118026019,10.434649883112089,255.31362699098872,1064.1353747306644,168.82272354564185,0.0372423082590103,0.0433365106582641,0.0546751618385314,0.0433650016784668,0.0064534544944763,0.011764109134674,2025-05-18_21-51-32
2025-05-18_21-51-32_float_008,float,1.1879382862764831,4.504048685164539,0.7233209408811773,18.66863221885753,53.00446149496268,10.946086526408306,321.686861976814,1041.229296391752,196.80460312309503,0.0905488431453704,0.2326183319091797,0.0098431408405303,0.0096007585525512,0.1263760924339294,0.1438508033752441,2025-05-18_21-51-32
2025-05-18_21-51-32_float_003,float,1.3098087043532602,4.101237738467978,0.7404654699606181,17.847755637685815,45.07011870543778,9.806733871757933,286.56576218241673,830.1034503450842,140.30832573095617,0.139248639345169,0.2703613936901092,0.0056738853454589,0.0062935352325439,0.1228190511465072,0.0636339783668518,2025-05-18_21-51-32
2025-05-18_21-51-32_float_004,float,1.903991432284578,7.425078958920888,1.2561168652612549,27.393929965566667,90.0872385025941,19.252768867105413,439.029600048893,1577.862730460835,312.5713094828903,0.1217148602008819,0.2584996521472931,0.0097818374633789,0.0104493498802185,0.1093469411134719,0.1089733242988586,2025-05-18_21-51-32
