timestamp,source,label,mean_velocity,max_velocity,std_velocity,mean_acceleration,max_acceleration,std_acceleration,mean_jerk,max_jerk,std_jerk,range_x_left_wrist,range_y_left_wrist,range_x_right_wrist,range_y_right_wrist,range_x_left_ankle,range_y_left_ankle,range_x_right_ankle,range_y_right_ankle,lw_x0,lw_y0,lw_x1,lw_y1,lw_dx,lw_dy,lw_y0_minus_sh,lw_y0_minus_hip,lw_y1_minus_sh,lw_y1_minus_hip,lw_path_len,lw_straight,rw_x0,rw_y0,rw_x1,rw_y1,rw_dx,rw_dy,rw_y0_minus_sh,rw_y0_minus_hip,rw_y1_minus_sh,rw_y1_minus_hip,rw_path_len,rw_straight,la_x0,la_y0,la_x1,la_y1,la_dx,la_dy,la_y0_minus_sh,la_y0_minus_hip,la_y1_minus_sh,la_y1_minus_hip,la_path_len,la_straight,ra_x0,ra_y0,ra_x1,ra_y1,ra_dx,ra_dy,ra_y0_minus_sh,ra_y0_minus_hip,ra_y1_minus_sh,ra_y1_minus_hip,ra_path_len,ra_straight,wrist_y_diff_start,wrist_y_diff_end
2025-05-18_21-51-32,2025-05-18_21-51-32_float_002,float,18.98237550713023,76.8128036426849,14.90845239980131,248.01205811479468,839.1060494475145,180.32453579538347,4029.626945885099,15271.191580948076,3197.848306584227,0.7763752094062986,0.4435005323610343,1.7596681839453618,2.6491761275758066,0.42016699556828596,2.8694547314389887,0.80000985368393,3.015034046063831,0.9683400014088246,-0.3171376741824049,0.32379500075277573,-0.055375915022112435,-0.6445450006560489,0.2617617591602925,1.7842738108119716,-0.3171376741824049,2.046035569972264,-0.055375915022112435,1.7702129171299992,0.39298692025874726,-1.0543381246399135,-0.25561148772469633,0.513366638380019,-2.847860837180493,1.5677047630199326,-2.592249349455797,1.8457999972696801,-0.25561148772469633,-0.7464493521861169,-2.847860837180493,6.340117545306414,0.4778194455310344,0.21657594169071262,4.4977404742001115,-0.028878865518454568,2.2319408957265754,-0.24545480720916718,-2.265799578473536,6.599151959194488,4.4977404742001115,4.333352380720951,2.2319408957265754,4.9790598772604735,0.4577281565268367,-0.28555057894494357,4.455340626845226,-1.067323007449415,2.0517545843510505,-0.7817724285044716,-2.4035860424941755,6.556752111839602,4.455340626845226,4.153166069345427,2.0517545843510505,5.336687670288103,0.47361348546610477,0.061526186457708576,-2.7924849221583807
2025-05-18_21-51-32,2025-05-18_21-51-32_float_003,float,18.608327176176427,81.4243877835753,16.447097614485067,237.78408263144772,745.4520780445679,169.14284398705212,3677.796336590152,11175.077246462373,2118.53559671151,0.6534793056123158,0.3069560139922758,1.67100818986563,1.778703880041222,0.08398344357058887,2.5957113852441474,0.9294834091818445,2.889855100863551,1.015910884527406,-0.21054470993107582,0.4258259388830742,-0.04172816816340259,-0.5900849456443319,0.16881654176767324,1.7118576259681277,-0.21054470993107582,1.880674167735801,-0.04172816816340259,1.6285616230698092,0.37687140898054095,-0.8861834521097122,-1.7013457574498334,0.6499164747818699,-2.8695164331522602,1.536099926891582,-1.1681706757024268,0.2210565784493701,-1.7013457574498334,-0.9471140972530567,-2.8695164331522602,5.387453613923421,0.3582073172729305,-0.09494961943964149,4.678576925979487,-0.09440432840075572,2.2420358974774026,0.0005452910388857729,-2.4365410285020848,6.600979261878691,4.678576925979487,4.164438233376606,2.2420358974774026,5.179914940796599,0.4703824516227088,-0.4944199368932273,4.668143101412336,-1.2392652166630167,1.8343252604211364,-0.7448452797697894,-2.8338178409911996,6.5905454373115395,4.668143101412336,3.75672759632034,1.8343252604211364,5.732142787503714,0.511165099382725,-1.4908010475187576,-2.8277882649888575
2025-05-18_21-51-32,2025-05-18_21-51-32_float_004,float,26.527517492300365,94.6912256545534,15.721454276226382,358.73560732057445,989.9035016374279,221.92867700381422,5649.9857972328455,16261.99209664458,3495.4675563054507,0.7035127984409867,0.3690347089504985,1.7009418543060129,2.3795286657760335,0.30246577363891236,2.511878536566255,1.1837953503653451,3.344804042586082,1.212595591418602,-0.29491048892761085,0.7143304241246466,-0.04290309556160806,-0.4982651672939553,0.2520073933660028,1.94442096286643,-0.29491048892761085,2.196428356232433,-0.04290309556160806,2.0913054471350496,0.26699541544496,-0.8578262078495238,-2.1956966617491918,0.6868720762992133,-3.7104040013430533,1.544698284148737,-1.5147073395938615,0.04363479004484905,-2.1956966617491918,-1.4710725495490125,-3.7104040013430533,7.932343740307523,0.27273533204321093,0.02156131624659057,4.941160283635106,-0.11327952289593615,3.2321816281934788,-0.13484083914252673,-1.7089786554416269,7.180491735429147,4.941160283635106,5.47151307998752,3.2321816281934788,6.995649651642598,0.24505086071807433,-0.8606944683287349,4.787658694976259,-1.66164042731264,2.477133120585087,-0.8009459589839051,-2.310525574391172,7.0269901467703,4.787658694976259,4.716464572379127,2.477133120585087,7.83699995534425,0.31203427701088954,-1.900786172821581,-3.6675009057814454
2025-05-18_21-51-32,2025-05-18_21-51-32_float_005,float,24.99862585938683,75.22072018922542,15.134157029264497,326.2480211725624,846.0497077723597,173.8985091389757,5316.077763796179,13590.531451213254,3072.1890713732496,0.49340006737369,0.5482849904647902,1.8167917401547276,3.02611536906414,0.13442365300987041,2.247074983022966,1.3653644265002691,3.5175069738503146,1.134110200452177,-0.38454765511528255,0.9301152667310598,0.048821436088738235,-0.2039949337211172,0.4333690912040208,2.0263255415525694,-0.38454765511528255,2.45969463275659,0.048821436088738235,1.9899501828377186,0.24069994490520344,-0.819182434916721,-1.4972220894935429,0.9538343888266709,-4.307055873003734,1.7730168237433919,-2.809833783510191,0.913651107174309,-1.4972220894935429,-1.8961826763358824,-4.307055873003734,8.221674432510847,0.40411015399395406,-0.14811562609221046,4.792627742440172,-0.1157710278654557,3.646425575112645,0.032344598226754756,-1.146202167327527,7.203500939108023,4.792627742440172,6.057298771780497,3.646425575112645,6.234127551356298,0.18393246398176358,-0.8029390003252425,4.692437903824722,-2.1169753931444912,2.095292065687384,-1.3140363928192489,-2.5971458381373376,7.103311100492574,4.692437903824722,4.5061652623552355,2.095292065687384,7.301175485468308,0.3986543897425174,-1.1126744343782602,-4.355877309092472
2025-05-18_21-51-32,2025-05-18_21-51-32_float_006,float,34.816056701017104,103.10434767879633,22.164538783864632,433.7034933442367,1849.3160842998645,307.54287267441583,6617.560850605792,21324.614156225707,4088.85425639341,0.7339159353273135,0.3623809042170272,2.4186065637808687,3.854069480530434,0.13354745098995238,2.4618412121887046,1.616798513031787,3.5816917063748077,0.914682307630406,-0.0007425192095476231,0.6946994686043114,-0.006882410910747713,-0.2199828390260946,-0.00613989170120009,2.680328412382239,-0.0007425192095476231,2.6741885206810387,-0.006882410910747713,2.781404618630017,0.07912135665645177,0.9205960537198367,-4.037125097321925,0.7935908567339417,-3.0181159289056896,-0.12700519698589496,1.0190091684162357,-1.3560541657301388,-4.037125097321925,-0.33704499731390314,-3.0181159289056896,11.410227879386374,0.08999762201257959,-0.11161593806156433,3.5774194936074903,-0.12950803059640212,2.7020027732768215,-0.017892092534837784,-0.8754167203306689,6.258490425199277,3.5774194936074903,5.3830737048686075,2.7020027732768215,8.037000585695711,0.10894605946782653,-1.9839888037929678,2.260233134025368,-1.6938284960809022,1.5920397454496287,0.2901603077120656,-0.6681933885757394,4.941304065617155,2.260233134025368,4.273110677041415,1.5920397454496287,9.901071489098054,0.07357534127200512,-4.036382578112377,-3.011233517994942
2025-05-18_21-51-32,2025-05-18_21-51-32_float_007,float,24.78810869938872,79.31434247222718,16.86717211158746,345.6873109719365,1388.608240348612,264.59004021705846,6043.75142820564,22201.33350123321,4600.196163750482,0.4919852245560786,0.18986018980095998,1.528692649936713,3.185468625460671,0.14305688530326094,1.6945167780912511,1.9061684956757414,3.215762353772414,0.9365079850168356,-0.09151761176859177,0.7851679529405919,-0.06852162767204864,-0.1513400320762437,0.02299598409654313,2.1315340486882017,-0.09151761176859177,2.154530032784745,-0.06852162767204864,2.371563005771456,0.06454695556565845,-0.44597194344499275,-1.6572126166625207,0.7525069491848501,-3.4714187158016196,1.1984788926298429,-1.814206099139099,0.5658390437942729,-1.6572126166625207,-1.248367055344826,-3.4714187158016196,8.791265356583688,0.24732804005200248,-0.12213612994755672,3.631494800241556,-0.05242519754687948,2.9548418635682716,0.06971093240067724,-0.6766529366732845,5.85454646069835,3.631494800241556,5.177893524025065,2.9548418635682716,8.241569111915908,0.08253699871920456,-0.6316207826811425,3.6641812160890197,-1.728684007618218,1.9179289411715736,-1.0970632249370755,-1.746252274917446,5.887232876545813,3.6641812160890197,4.1409806016283675,1.9179289411715736,9.38999801686526,0.2196237833552086,-1.5656950048939289,-3.402897088129571
2025-05-18_21-51-32,2025-05-18_21-51-32_float_008,float,20.970719305158696,79.18536031350997,12.490860590242715,315.97304155571993,945.8400229405855,186.9827306077543,5379.787392736426,18555.55799894911,3267.674167882494,0.29262969480560075,0.3795773551386264,1.4975502177529232,3.1937693003013528,0.17005763777480143,1.327135872458038,1.7823669588427917,2.8993506975918524,1.1921720082374194,-0.20674895048911496,0.9989821263798029,-0.050489813343121456,-0.19318988185761654,0.1562591371459935,2.4892928246634467,-0.20674895048911496,2.6455519618094403,-0.050489813343121456,1.9382721593167647,0.12819347227727615,-0.7376816437527008,-1.5997468442645615,0.6286634784780278,-3.932342289024478,1.3663451222307286,-2.3325954447599164,1.0962949308880003,-1.5997468442645615,-1.236300513871916,-3.932342289024478,7.608528409112333,0.3553003589686639,0.03260093910592631,4.835402629607676,-0.07005962500112782,3.5082667571496384,-0.10266056410705413,-1.327135872458038,7.531444404760238,4.835402629607676,6.2043085323022,3.5082667571496384,5.79075002633566,0.22986670064271167,-0.7782000037547231,4.861700575187993,-1.9986313366371842,2.2678516262960513,-1.2204313328824612,-2.593848948891942,7.557742350340555,4.861700575187993,4.963893401448614,2.2678516262960513,7.254541374213822,0.3951482170786384,-1.3929978937754466,-3.8818524756813564
2025-05-18_21-51-32,2025-05-18_21-51-32_float_009,float,29.756817665087723,76.47969121175205,16.150982292330948,424.63876272153817,1280.5547276077143,234.92660859737893,7058.645091169419,22577.955861880808,4053.1113596547984,0.31605421364790565,0.23838038036688017,2.2946956090231105,3.7472288254403665,0.14936553511695794,1.0518985758167503,1.4382983807910765,2.540066962866111,1.4016562704170126,-0.2011420847724481,1.3689672726804412,-0.01853023298776967,-0.03268899773657141,0.18261185178467843,2.907674517245358,-0.2011420847724481,3.0902863690300366,-0.01853023298776967,1.7094385087488286,0.10852369233768577,-1.0495381577563878,-2.025077268902761,1.1159791035835909,-5.501024797399741,2.1655172613399785,-3.47594752849698,1.0837393331150453,-2.025077268902761,-2.3922081953819347,-5.501024797399741,7.282697629451833,0.5623360889777455,-0.06640229162653018,4.833242802479522,-0.13646474638344264,4.8705544564295655,-0.07006245475691246,0.03731165395004332,7.9420594044973285,4.833242802479522,7.979371058447372,4.8705544564295655,4.873680204698802,0.016287127978725516,-1.2128595769604866,4.852881951480394,-2.563744351785402,2.612435093148481,-1.3508847748249153,-2.240446858331913,7.9616985534982,4.852881951480394,5.721251695166288,2.612435093148481,5.875983178311792,0.4452357821071541,-1.8239351841303129,-5.482494564411971
2025-05-18_21-51-32,2025-05-18_21-51-32_float_010,float,36.8270159580377,143.2390877235889,28.842807805069793,508.1717341396854,1943.3562539889426,375.00827030682933,8473.684717320792,31097.241409108425,6120.860181921408,0.3822780143954081,0.26693920115169545,1.866815353087146,3.5438281026522924,0.15958762282289593,0.5328681314053219,1.290998061522013,2.2179360757732094,1.233131689232475,-0.22037308829245136,1.355228114426003,-0.03250198505862058,0.12209642519352792,0.18787110323383077,3.045668953084767,-0.22037308829245136,3.233540056318598,-0.03250198505862058,1.1183518898999003,0.20034879809412673,-0.7621202100944944,-1.735244875891475,0.8697982482492933,-4.8405343752043155,1.6319184583437876,-3.105289499312841,1.5307971654857437,-1.735244875891475,-1.5744923338270969,-4.8405343752043155,5.560179847013917,0.6309127091521193,-0.07606239869983589,4.823406741236428,-0.14745539294318044,4.952210836261749,-0.07139299424334455,0.12880409502532064,8.089448782613648,4.823406741236428,8.218252877638967,4.952210836261749,2.321372923136471,0.06343944517193724,-1.1547176023017331,4.873464345262778,-2.416082074224211,3.776715347345593,-1.261364471922478,-1.0967489979171847,8.139506386639997,4.873464345262778,7.042757388722812,3.776715347345593,4.740622095431039,0.35259000008669716,-1.5148717875990236,-4.808032390145695
2025-05-18_21-51-32,2025-05-18_21-51-32_punch_001,punch,29.63156643997682,87.70879455015238,18.527879140641488,420.26074401974614,1239.6551491267376,240.12766472461902,7180.9830919191,20994.978277762115,4007.1347728284204,0.5548463955651991,0.12489613516389267,0.6100192440547113,2.531460761598218,0.1647617333663806,1.7292551266298397,1.3651389488781156,2.28027176162799,1.2363393785952388,-0.06337825084338754,1.0801509379774512,-0.046491843670619495,-0.15618844061778758,0.016886407172768042,2.802255555270991,-0.06337825084338754,2.819141962443759,-0.046491843670619495,2.0248139144236856,0.07758670037893463,0.6688451773136606,-3.5815093381943734,0.7781730084530991,-4.06522231549531,0.10932783113943856,-0.48371297730093676,-0.7158755320799948,-3.5815093381943734,-1.1995885093809315,-4.06522231549531,7.536988000003037,0.06579738811153428,-0.10899395949558541,4.742300847296261,-0.16114439466645977,3.9578142993025973,-0.052150435170874365,-0.7844865479936636,7.60793465341064,4.742300847296261,6.8234481054169756,3.9578142993025973,6.710406757947399,0.11716399194694128,-1.4410201260835984,4.4133085598109725,-1.9871312209428802,3.025598868296697,-0.5461110948592818,-1.3877096915142753,7.278942365925351,4.4133085598109725,5.891232674411076,3.025598868296697,7.063313428740338,0.21113319640220457,-3.518131087350986,-4.018730471824691
2025-05-18_21-51-32,2025-05-18_21-51-32_punch_002,punch,22.215302550959215,61.32106540070831,11.758655047600206,298.33849726021987,726.8523255128272,150.26473883961245,4823.26462022428,13654.177988510723,2563.121682262034,0.43995069128794617,0.21787797546309984,0.7934805018604202,2.857332058084561,0.2644822328826959,1.3832535534000052,1.2666135869734805,1.6758029166749813,1.0306662819207268,-0.1637897176035153,0.963638851971455,-0.026159772068852147,-0.0670274299492718,0.13762994553466315,2.6995648797271063,-0.1637897176035153,2.8371948252617694,-0.026159772068852147,1.8874249939819838,0.08110727225363853,0.4026662614249707,-2.8570404555170463,0.6625756646262942,-3.8481536716103064,0.25990940320132355,-0.9911132160932601,0.006314141813575258,-2.8570404555170463,-0.9847990742796848,-3.8481536716103064,7.592150164510848,0.1349585969507255,-0.04849636927737739,4.119083312430606,-0.22879148009846956,3.8124027769190327,-0.18029511082109217,-0.3066805355115729,6.982437909761227,4.119083312430606,6.675757374249654,3.8124027769190327,6.210051452482928,0.05728643487243102,-1.4300189532093386,3.8671292675315825,-1.999780110135361,2.373679100859103,-0.5697611569260224,-1.4934501666724795,6.7304838648622045,3.8671292675315825,5.237033698189725,2.373679100859103,6.0857826676659545,0.2626520609401549,-2.693250737913531,-3.821993899541454
2025-05-18_21-51-32,2025-05-18_21-51-32_punch_003,punch,19.03516062951628,60.98378096149672,13.166832292288912,217.96382938409803,739.4254563872342,137.84092299917484,3319.2614021755526,9720.374778405865,1764.9632393863644,1.7946071552737561,1.1647998677745257,0.9635099197254917,1.6324739941229331,0.4096906255665723,3.286266501089951,0.7433287933272906,3.2583777588801324,1.1800644901306603,-0.1929956204632277,-0.5445069620764504,-0.3665911220296224,-1.7245714522071107,-0.1735955015663947,2.732740567858715,-0.1929956204632277,2.55914506629232,-0.3665911220296224,3.574411792602983,0.48491516935656065,-0.9877971951656911,-1.9442730349877464,-0.4506332612665077,-0.48172221626617784,0.5371639338991834,1.4625508187215686,0.9814631533341962,-1.9442730349877464,2.4440139720557648,-0.48172221626617784,2.9233842646949797,0.5329698702667294,-0.10615777997427432,4.898271684764196,-0.011694852128452532,1.8431026259451266,0.09446292784582179,-3.055169058819069,7.824007873086138,4.898271684764196,4.7688388142670695,1.8431026259451266,4.328191495979362,0.7062139150127009,-0.8027885231141894,4.822127241281381,-0.09527915490937405,2.0532108832896765,0.7075093682048152,-2.768916357991704,7.747863429603323,4.822127241281381,4.9789470716116195,2.0532108832896765,5.015262334493368,0.5698362161197591,-1.7512774145245187,-0.11513109423655543
2025-05-18_21-51-32,2025-05-18_21-51-32_punch_004,punch,16.152912751645523,87.2434009857777,15.489908504207776,224.43974894188437,1130.2458747511973,232.0136740395637,3953.044849440509,19180.654990860054,4170.698318658593,1.4748152001559776,1.20311521867537,0.578188919661373,0.6790216951011603,0.48468131242145285,2.0405647060411596,0.1585230104539386,2.125193619665974,-0.47384282009885464,-0.8819628938563762,0.49647488481821417,-1.4944813972465694,0.9703177049170688,-0.6125185033901932,1.119318432208293,-0.8819628938563762,0.5067999288180998,-1.4944813972465694,4.260567918904205,0.2693240647863073,-0.6693880130624996,-0.8046899168389826,-0.925396529999144,-0.931905175327104,-0.2560085169366444,-0.12721525848812143,1.1965914092256864,-0.8046899168389826,1.0693761507375652,-0.931905175327104,3.2251322516453733,0.08863954110259273,0.22081977593242516,2.4008718821735577,0.35583722289957376,3.3855463711312526,0.1350174469671486,0.9846744889576948,4.402153208238227,2.4008718821735577,5.386827697195922,3.3855463711312526,6.23987621915942,0.15928009905676982,-0.09005530309292073,2.5144666626931205,-0.07099805281661224,3.248118653039848,0.019057250276308488,0.7336519903467273,4.51574798875779,2.5144666626931205,5.249399979104517,3.248118653039848,6.858004614185775,0.10701355629469761,0.07727297701739355,0.5625762219194653
2025-05-18_21-51-32,2025-05-18_21-51-32_punch_005,punch,18.955849424378144,51.53418943927567,11.823267841133386,206.3291255088375,632.6948342634263,134.95545406479752,3225.710019993447,10812.211960192528,2133.326750365968,1.427690110390201,1.7985463138721751,0.7661868256937465,0.5938898970183688,0.6690795132678479,3.165756687540423,0.4616663693231426,2.8417121821755993,-0.009059591910523922,-1.6915567519285182,0.7329799862933938,-2.0556083211703804,0.7420395782039177,-0.3640515692418622,0.20878396845208003,-1.6915567519285182,-0.1552676007897822,-2.0556083211703804,5.466440306868175,0.1512012643046583,-0.6734168762902427,-0.7021721250994561,-0.9585630071323348,-0.25689003757662193,-0.28514613084209206,0.4452820875228342,1.198168595281142,-0.7021721250994561,1.6434506828039763,-0.25689003757662193,2.1496496567881724,0.24597378455525754,0.41640124152157293,3.4497656459606305,0.4843638890854263,4.567968029500125,0.0679626475638534,1.118202383539494,5.350106366341229,3.4497656459606305,6.468308749880723,4.567968029500125,7.424936007089305,0.15087885092705772,-0.012039695836812662,3.404300162401447,-0.45503435156555616,4.338069512589276,-0.4429946557287435,0.9337693501878288,5.304640882782046,3.404300162401447,6.2384102329698745,4.338069512589276,7.421030845976967,0.1392694442362788,0.989384626829062,1.7987182835937585
2025-05-18_21-51-32,2025-05-18_21-51-32_punch_006,punch,19.273726258541938,82.77148158865896,15.727298700836206,244.97200145585984,967.9720693172321,202.09245447270706,3958.9955584497316,13603.439592440964,2947.00270698775,2.0948934289950176,2.002032411218745,0.6849231253566774,0.35944703992172955,0.6149054029562164,2.786812278134518,0.25299171440936247,2.387255546275782,-1.0483411169954118,-1.38249904231122,0.9941843287925632,-2.319819314032584,2.042525445787975,-0.9373202717213638,1.076291629675778,-1.38249904231122,0.1389713579544143,-2.319819314032584,5.420846866935514,0.414571236271178,-0.8178833244820737,-0.5589170041850747,-1.0765143496023148,-0.37615150065715486,-0.25863102512024116,0.18276550352791987,1.8998736678019235,-0.5589170041850747,2.082639171329843,-0.37615150065715486,1.9494211918618385,0.16245389928616683,0.17551747632217593,3.6908546971657255,0.4990351522616728,4.806941811043857,0.3235176759394969,1.1160871138781316,6.149645369152724,3.6908546971657255,7.265732483030855,4.806941811043857,6.012748702392586,0.1932610581928221,-0.18962962436262934,3.9255051272882633,-0.20601407130682253,4.616202844204716,-0.016384446944193193,0.690697716916453,6.384295799275261,3.9255051272882633,7.074993516191714,4.616202844204716,6.14872002723189,0.11236355192084357,0.8235820381261453,1.9436678133754288
2025-05-18_21-51-32,2025-05-18_21-51-32_punch_007,punch,18.8523023679849,67.6101528610785,17.252532943898203,216.4827781264906,679.1939109703637,190.3827396434766,3356.2184413299724,11271.081404057408,2873.3413317063055,1.7642211733602382,2.411469570784997,0.8335315398351264,0.8404212875984264,0.6501420121977293,3.1973956097189378,0.0729888101811862,3.018879477213173,0.8011504008141366,-2.327139182933092,-0.22704926501549377,-1.4472843561764204,-1.0281996658296304,0.8798548267566717,-0.4761226032121564,-2.327139182933092,0.4037322235445153,-1.4472843561764204,5.799814195922358,0.23332984877251386,-1.1636216308861078,-0.36441841379033385,-0.7047347520088056,-0.726320510609461,0.4588868788773022,-0.36190209681912716,1.4865981659306018,-0.36441841379033385,1.1246960691114747,-0.726320510609461,3.2658091596814782,0.17895198893782518,0.5962156299200216,4.673483437869919,0.4061470356969436,3.145765115339234,-0.19006859422307804,-1.527718322530685,6.524500017590855,4.673483437869919,4.99678169506017,3.145765115339234,5.73371062636102,0.26849915488059894,-0.07322552616850893,4.532929512767133,-0.0002367159873227201,3.1465412909059745,0.0729888101811862,-1.3863882218611585,6.383946092488069,4.532929512767133,4.99755787062691,3.1465412909059745,5.9898241803662415,0.23177778872019406,1.9627207691427582,0.7209638455669594
2025-05-18_21-51-32,2025-05-18_21-51-32_punch_008,punch,15.160289142488185,63.501416989267724,12.835970921759548,183.77829879463872,793.5376045892231,137.89300094733989,2962.6063205369833,11736.93776980992,2147.3919793667956,1.771280812844493,1.9944288722742998,0.627016927737779,0.9366089007028472,0.5117062326524313,2.692826983045198,0.19907429835277993,2.47354359769224,0.8832861192654974,-2.0571043488485445,-0.856556260032775,-0.5948977457512898,-1.7398423792982722,1.4622066030972547,0.04143458399644384,-2.0571043488485445,1.5036411870936985,-0.5948977457512898,3.9206515340475745,0.579670378699146,-0.9961883478623202,-0.24202306028590997,-0.5954680293779138,-0.7899386449192315,0.4007203184844065,-0.5479155846333215,1.8565158725590785,-0.24202306028590997,1.3086002879257568,-0.7899386449192315,3.60000893125565,0.18855893872996762,0.48583965506781845,4.428894649362272,0.05263269504545286,2.5652965056567067,-0.4332069600223656,-1.8635981437055653,6.52743358220726,4.428894649362272,4.663835438501695,2.5652965056567067,4.9200180091701435,0.3888780037743764,-0.13367451265289793,4.2958205819266695,-0.05701651611848055,2.673230217296954,0.07665799653441738,-1.6225903646297155,6.394359514771658,4.2958205819266695,4.771769150141942,2.673230217296954,4.985286328460079,0.3258388929184219,1.8150812885626346,-0.19504089916794165
2025-05-18_21-51-32,2025-05-18_21-51-32_punch_009,punch,23.72318840608072,102.80371247875125,20.583030188467326,273.8833545210577,801.5294272559096,188.86530830635112,4178.050515732914,10056.687847387122,2506.832671536927,1.3336354813772155,1.9082399972502928,3.256657004275559,6.867850646890592,0.5980382209315535,2.6986846035831853,0.1449219520269726,2.59105026599159,0.5602442644891105,-2.186402151903032,0.6521915651453735,-1.5178230905148316,0.091947300656263,0.6685790613882006,-0.26865571137105615,-2.186402151903032,0.3999233500171444,-1.5178230905148316,5.263610680080821,0.12821465695417256,-5.714399581726705,-12.187541179775854,-4.466453848147145,-9.588047303950754,1.2479457335795603,2.5994938758251003,-10.269794739243878,-12.187541179775854,-7.6703008634187775,-9.588047303950754,17.90044641996122,0.16108696362029162,0.610377413838585,4.541647866366889,0.5810247493884911,3.6324366187298915,-0.02935266445009388,-0.9092112476369971,6.459394306898865,4.541647866366889,5.550183059261867,3.6324366187298915,6.554721555645578,0.1387831538025767,-0.11738745652513287,4.560681042057562,0.011151848561382212,3.5906853346962073,0.1285393050865151,-0.9699957073613543,6.478427482589538,4.560681042057562,5.508431775228184,3.5906853346962073,6.422060102809318,0.1523616007468077,-10.001139027872822,-8.070224213435923
2025-05-18_21-51-32,2025-05-18_21-51-32_punch_010,punch,25.215359760467738,89.10868127106005,20.338861887159368,303.45255761068955,1413.2305314053847,265.7599770536869,4777.342767183449,23546.354809960703,4713.377599032379,2.084160667353812,2.9000043480797824,0.7754833707374422,1.0891977154812083,0.7969242065209621,3.2088005846721734,0.10043429536632018,2.9719410208149073,1.1632769468520812,-2.390394541823524,-0.5976930369667571,-0.3950954951219733,-1.7609699838188382,1.9952990467015508,0.1440315508742649,-2.390394541823524,2.1393305975758157,-0.3950954951219733,4.852110454957924,0.5484719780460656,-1.239223572103187,-0.2932434645113775,-0.563195675620477,-0.7998616451934153,0.67602789648271,-0.5066181806820378,2.2411826281864116,-0.2932434645113775,1.7345644475043736,-0.7998616451934153,2.6953986052768526,0.3134205401265351,0.7682937946722947,4.874112937107081,0.003906249160293374,1.9636030878627757,-0.7643875455120014,-2.9105098492443053,7.40853902980487,4.874112937107081,4.4980291805605646,1.9636030878627757,3.943880405560072,0.7630078832275757,-0.009658973147156264,4.823820980555185,-0.07269329272181231,2.1704748424658566,-0.06303431957465605,-2.6533461380893284,7.358247073252974,4.823820980555185,4.7049009351636455,2.1704748424658566,3.9285928153324914,0.6755840819292285,2.0971510773121462,-0.404766150071442
